"Date","Page","Content Changes","HTTP Status Changes","Inbound Links Added"
"2026-09-28","https://www.fairbeamtet.de/service/online-beratung/","+76 words; -87 words","",""
"2026-09-28","https://www.fairbeamtet.de/sven-hoehne-pkv-experte-fairbeamtet/","+10 words; -10 words","",""
"2026-09-28","https://www.fairbeamtet.de/private-krankenversicherung/pkv-gesellschaften/","+63 words; -107 words; a changed: 1001 Bewertungen -> https://www.trustindex.io/reviews/www.fairbeamtet.de/lang/en -> 1004 Bewertungen -> https://www.trustindex.io/reviews/www.fairbeamtet.de/lang/en","",""
"2026-09-28","https://www.fairbeamtet.de/dienstunfaehigkeitsversicherung-polizei/","+63 words; -107 words; a changed: 1001 Bewertungen -> https://www.trustindex.io/reviews/www.fairbeamtet.de/lang/en -> 1004 Bewertungen -> https://www.trustindex.io/reviews/www.fairbeamtet.de/lang/en","",""
"2026-09-28","https://www.fairbeamtet.de/5-tipps-pkv-vergleich/","+63 words; -107 words; a changed: 1001 Bewertungen -> https://www.trustindex.io/reviews/www.fairbeamtet.de/lang/en -> 1004 Bewertungen -> https://www.trustindex.io/reviews/www.fairbeamtet.de/lang/en","",""
"2026-09-28","https://www.fairbeamtet.de/amtsaerztliche-untersuchung/","+63 words; -107 words; a changed: 1001 Bewertungen -> https://www.trustindex.io/reviews/www.fairbeamtet.de/lang/en -> 1004 Bewertungen -> https://www.trustindex.io/reviews/www.fairbeamtet.de/lang/en","",""
"2026-09-28","https://www.fairbeamtet.de/familienzuschlag-fuer-beamte/","+63 words; -107 words; a changed: 1001 Bewertungen -> https://www.trustindex.io/reviews/www.fairbeamtet.de/lang/en -> 1004 Bewertungen -> https://www.trustindex.io/reviews/www.fairbeamtet.de/lang/en","",""
"2026-09-28","https://www.fairbeamtet.de/private-krankenversicherung-mit-migraene/","+63 words; -107 words; a changed: 1001 Bewertungen -> https://www.trustindex.io/reviews/www.fairbeamtet.de/lang/en -> 1004 Bewertungen -> https://www.trustindex.io/reviews/www.fairbeamtet.de/lang/en","",""
"2026-09-28","https://www.fairbeamtet.de/kindergeld-fuer-beamte/","+63 words; -107 words; a changed: 1001 Bewertungen -> https://www.trustindex.io/reviews/www.fairbeamtet.de/lang/en -> 1004 Bewertungen -> https://www.trustindex.io/reviews/www.fairbeamtet.de/lang/en","",""
"2026-09-28","https://www.fairbeamtet.de/beamte-kinder-gkv-oder-pkv-versichern/","+63 words; -107 words; a changed: 1001 Bewertungen -> https://www.trustindex.io/reviews/www.fairbeamtet.de/lang/en -> 1004 Bewertungen -> https://www.trustindex.io/reviews/www.fairbeamtet.de/lang/en","",""
"2026-09-28","https://www.fairbeamtet.de/jahresarbeitsentgeltgrenze/","+63 words; -107 words; a changed: 1001 Bewertungen -> https://www.trustindex.io/reviews/www.fairbeamtet.de/lang/en -> 1004 Bewertungen -> https://www.trustindex.io/reviews/www.fairbeamtet.de/lang/en","",""
"2026-09-28","https://www.fairbeamtet.de/stiftung-warentest-pkv-test-beamte-2025/","+63 words; -107 words; a changed: 1001 Bewertungen -> https://www.trustindex.io/reviews/www.fairbeamtet.de/lang/en -> 1004 Bewertungen -> https://www.trustindex.io/reviews/www.fairbeamtet.de/lang/en","",""
"2026-09-28","https://www.fairbeamtet.de/berufsunfaehigkeitsversicherung-lehrer/","+380 words; -10 words; a added: Vorerkrankung -> https://www.fairbeamtet.de/bu-du-ratgeber/bu-mit-vorerkrankungen/; h2 added: Die häufigsten Fragen (FAQs) zur Berufsunfähigkeitsversicherung für Lehrer; h3 added: Ab wann sollte ich als Referendar eine Dienstunfähigkeits­versicherung abschließen?; h3 added: Ist eine Berufsunfähigkeits­versicherung für Lehrer überhaupt sinnvoll, wenn ich schon verbeamtet bin?; h3 added: Kann ich als Lehrer trotz einer Vorerkrankung wie z. B. einer Psychotherapie noch eine BU/DU-Versicherung abschließen?; h3 added: Was ist der Unterschied zwischen Berufsunfähigkeit und Dienstunfähigkeit?; h3 added: Was kostet eine ­­Berufs­unfähigkeits­versicherung­ für Lehrer im Monat?; h3 added: Zahlt die Versicherung auch bei psychischen Erkrankungen wie Burnout oder Depression?","",""
"2026-09-28","https://www.fairbeamtet.de/billige-pkv-dreisste-lockangebote-internet/","+9 words; -9 words","",""
"2026-09-28","https://www.fairbeamtet.de/private-krankenversicherung-mit-uebergewicht/","+9 words; -9 words","",""
"2026-09-28","https://www.fairbeamtet.de/kind-pkv-versichern/","+9 words; -9 words","",""
"2026-09-28","https://www.fairbeamtet.de/private-krankenversicherung/beamtenanwaerter/","+9 words; -9 words","",""
"2026-09-28","https://www.fairbeamtet.de/berufsunfaehigkeitsversicherung-mit-migraene/","+9 words; -9 words","",""
"2026-09-28","https://www.fairbeamtet.de/berufsunfaehigkeitsversicherung-mit-hashimoto/","+9 words; -9 words","",""
"2026-09-28","https://www.fairbeamtet.de/alte-oldenburger-pkv-test-beamte/","+9 words; -9 words","",""
"2026-09-28","https://www.fairbeamtet.de/pkv-beratung-3-berater-3-meinungen/","+9 words; -9 words","",""
"2026-09-28","https://www.fairbeamtet.de/private-krankenversicherung/beamte/","+9 words; -9 words","",""
"2026-09-28","https://www.fairbeamtet.de/beitragsentwicklung-pkv-gkv-beamte/","+9 words; -9 words","",""
"2026-09-28","https://www.fairbeamtet.de/guenstige-pkv/","+62 words; -106 words; a changed: 1001 Bewertungen -> https://www.trustindex.io/reviews/www.fairbeamtet.de/lang/en -> 1004 Bewertungen -> https://www.trustindex.io/reviews/www.fairbeamtet.de/lang/en","",""
"2026-09-28","https://www.fairbeamtet.de/berufsunfaehigkeitsversicherung-psychotherapie/","+62 words; -106 words; a changed: 1001 Bewertungen -> https://www.trustindex.io/reviews/www.fairbeamtet.de/lang/en -> 1004 Bewertungen -> https://www.trustindex.io/reviews/www.fairbeamtet.de/lang/en","",""
"2026-09-28","https://www.fairbeamtet.de/","+62 words; -106 words; a changed: 1001 Bewertungen -> https://www.trustindex.io/reviews/www.fairbeamtet.de/lang/en -> 1004 Bewertungen -> https://www.trustindex.io/reviews/www.fairbeamtet.de/lang/en","",""
"2026-09-28","https://www.fairbeamtet.de/berufsunfaehigkeitsversicherung-mit-asthma/","+62 words; -106 words; a changed: 1001 Bewertungen -> https://www.trustindex.io/reviews/www.fairbeamtet.de/lang/en -> 1004 Bewertungen -> https://www.trustindex.io/reviews/www.fairbeamtet.de/lang/en","",""
"2026-09-28","https://www.fairbeamtet.de/berufsunfaehigkeitsversicherung-mit-tinnitus/","+62 words; -106 words; a changed: 1001 Bewertungen -> https://www.trustindex.io/reviews/www.fairbeamtet.de/lang/en -> 1004 Bewertungen -> https://www.trustindex.io/reviews/www.fairbeamtet.de/lang/en","",""
"2026-09-28","https://www.fairbeamtet.de/pkv-wird-teurer-was-tun/","+62 words; -106 words; a changed: 1001 Bewertungen -> https://www.trustindex.io/reviews/www.fairbeamtet.de/lang/en -> 1004 Bewertungen -> https://www.trustindex.io/reviews/www.fairbeamtet.de/lang/en","",""
"2026-09-28","https://www.fairbeamtet.de/debeka-oder-dbv-pkv-beamte-vergleich/","+62 words; -106 words; a changed: 1001 Bewertungen -> https://www.trustindex.io/reviews/www.fairbeamtet.de/lang/en -> 1004 Bewertungen -> https://www.trustindex.io/reviews/www.fairbeamtet.de/lang/en","",""
"2026-09-28","https://www.fairbeamtet.de/sonderklauseln-du-versicherung/","+62 words; -106 words; a changed: 1001 Bewertungen -> https://www.trustindex.io/reviews/www.fairbeamtet.de/lang/en -> 1004 Bewertungen -> https://www.trustindex.io/reviews/www.fairbeamtet.de/lang/en","",""
"2026-09-28","https://www.fairbeamtet.de/anwartschaft-fuer-lehramtsstudenten/","+62 words; -106 words; a changed: 1001 Bewertungen -> https://www.trustindex.io/reviews/www.fairbeamtet.de/lang/en -> 1004 Bewertungen -> https://www.trustindex.io/reviews/www.fairbeamtet.de/lang/en","",""
"2026-09-28","https://www.fairbeamtet.de/debeka-beitragserhoehung-2021/","+62 words; -106 words; a changed: 1001 Bewertungen -> https://www.trustindex.io/reviews/www.fairbeamtet.de/lang/en -> 1004 Bewertungen -> https://www.trustindex.io/reviews/www.fairbeamtet.de/lang/en","",""
"2026-09-28","https://www.fairbeamtet.de/berater-vor-ort/","+62 words; -106 words; a changed: 1001 Bewertungen -> https://www.trustindex.io/reviews/www.fairbeamtet.de/lang/en -> 1004 Bewertungen -> https://www.trustindex.io/reviews/www.fairbeamtet.de/lang/en","",""
"2026-09-28","https://www.fairbeamtet.de/beitragsrueckerstattung-debeka/","+62 words; -106 words; a changed: 1001 Bewertungen -> https://www.trustindex.io/reviews/www.fairbeamtet.de/lang/en -> 1004 Bewertungen -> https://www.trustindex.io/reviews/www.fairbeamtet.de/lang/en","",""
"2026-09-28","https://www.fairbeamtet.de/berufsunfaehigkeitsversicherung-cannabis/","+62 words; -106 words; a changed: 1001 Bewertungen -> https://www.trustindex.io/reviews/www.fairbeamtet.de/lang/en -> 1004 Bewertungen -> https://www.trustindex.io/reviews/www.fairbeamtet.de/lang/en","",""
"2026-09-28","https://www.fairbeamtet.de/service/","+62 words; -106 words; a changed: 1001 Bewertungen -> https://www.trustindex.io/reviews/www.fairbeamtet.de/lang/en -> 1004 Bewertungen -> https://www.trustindex.io/reviews/www.fairbeamtet.de/lang/en","",""
"2026-09-28","https://www.fairbeamtet.de/private-krankenversicherung/private-zusatzversicherung/","+62 words; -106 words; a changed: 1001 Bewertungen -> https://www.trustindex.io/reviews/www.fairbeamtet.de/lang/en -> 1004 Bewertungen -> https://www.trustindex.io/reviews/www.fairbeamtet.de/lang/en","",""
"2026-09-28","https://www.fairbeamtet.de/private-krankenversicherung-mit-heuschnupfen/","+62 words; -106 words; a changed: 1001 Bewertungen -> https://www.trustindex.io/reviews/www.fairbeamtet.de/lang/en -> 1004 Bewertungen -> https://www.trustindex.io/reviews/www.fairbeamtet.de/lang/en","",""
"2026-09-28","https://www.fairbeamtet.de/verkaufstricks-versicherungsvermittler/","+62 words; -106 words; a changed: 1001 Bewertungen -> https://www.trustindex.io/reviews/www.fairbeamtet.de/lang/en -> 1004 Bewertungen -> https://www.trustindex.io/reviews/www.fairbeamtet.de/lang/en","",""
"2026-09-28","https://www.fairbeamtet.de/unterschiede-pkv-und-gkv/","+62 words; -106 words; a changed: 1001 Bewertungen -> https://www.trustindex.io/reviews/www.fairbeamtet.de/lang/en -> 1004 Bewertungen -> https://www.trustindex.io/reviews/www.fairbeamtet.de/lang/en","",""
"2026-09-28","https://www.fairbeamtet.de/du-abschlussmodelle/","+62 words; -106 words; a changed: 1001 Bewertungen -> https://www.trustindex.io/reviews/www.fairbeamtet.de/lang/en -> 1004 Bewertungen -> https://www.trustindex.io/reviews/www.fairbeamtet.de/lang/en","",""
"2026-09-28","https://www.fairbeamtet.de/debeka-private-krankenversicherung-beamte-test/","+62 words; -106 words; a changed: 1001 Bewertungen -> https://www.trustindex.io/reviews/www.fairbeamtet.de/lang/en -> 1004 Bewertungen -> https://www.trustindex.io/reviews/www.fairbeamtet.de/lang/en","",""
"2026-09-28","https://www.fairbeamtet.de/nachmeldepflicht/","+62 words; -106 words; a changed: 1001 Bewertungen -> https://www.trustindex.io/reviews/www.fairbeamtet.de/lang/en -> 1004 Bewertungen -> https://www.trustindex.io/reviews/www.fairbeamtet.de/lang/en","",""
"2026-09-28","https://www.fairbeamtet.de/debeka-beitragserhoehung-2025/","+62 words; -106 words; a changed: 1001 Bewertungen -> https://www.trustindex.io/reviews/www.fairbeamtet.de/lang/en -> 1004 Bewertungen -> https://www.trustindex.io/reviews/www.fairbeamtet.de/lang/en","",""
"2026-09-28","https://www.fairbeamtet.de/10-pluspunkte-debeka-pkv/","+62 words; -106 words; a changed: 1001 Bewertungen -> https://www.trustindex.io/reviews/www.fairbeamtet.de/lang/en -> 1004 Bewertungen -> https://www.trustindex.io/reviews/www.fairbeamtet.de/lang/en","",""
"2026-09-28","https://www.fairbeamtet.de/gesundheitsfragen/","+62 words; -106 words; a changed: 1001 Bewertungen -> https://www.trustindex.io/reviews/www.fairbeamtet.de/lang/en -> 1004 Bewertungen -> https://www.trustindex.io/reviews/www.fairbeamtet.de/lang/en","",""
"2026-09-28","https://www.fairbeamtet.de/debeka-dbv-oder-huk/","+62 words; -106 words; a changed: 1001 Bewertungen -> https://www.trustindex.io/reviews/www.fairbeamtet.de/lang/en -> 1004 Bewertungen -> https://www.trustindex.io/reviews/www.fairbeamtet.de/lang/en","",""
"2026-09-28","https://www.fairbeamtet.de/beihilfefristen-in-der-pkv/","+62 words; -106 words; a changed: 1001 Bewertungen -> https://www.trustindex.io/reviews/www.fairbeamtet.de/lang/en -> 1004 Bewertungen -> https://www.trustindex.io/reviews/www.fairbeamtet.de/lang/en","",""
"2026-09-28","https://www.fairbeamtet.de/dienstunfaehigkeitsversicherung-beamte-sinnvoll/","+62 words; -106 words; a changed: 1001 Bewertungen -> https://www.trustindex.io/reviews/www.fairbeamtet.de/lang/en -> 1004 Bewertungen -> https://www.trustindex.io/reviews/www.fairbeamtet.de/lang/en","",""
"2026-09-28","https://www.fairbeamtet.de/private-krankenversicherung-mit-asthma/","+62 words; -106 words; a changed: 1001 Bewertungen -> https://www.trustindex.io/reviews/www.fairbeamtet.de/lang/en -> 1004 Bewertungen -> https://www.trustindex.io/reviews/www.fairbeamtet.de/lang/en","",""
"2026-09-28","https://www.fairbeamtet.de/berufsunfaehigkeitsversicherung-uebergewicht/","+62 words; -106 words; a changed: 1001 Bewertungen -> https://www.trustindex.io/reviews/www.fairbeamtet.de/lang/en -> 1004 Bewertungen -> https://www.trustindex.io/reviews/www.fairbeamtet.de/lang/en","",""
"2026-09-28","https://www.fairbeamtet.de/pauschale-beihilfe/","+62 words; -106 words; a changed: 1001 Bewertungen -> https://www.trustindex.io/reviews/www.fairbeamtet.de/lang/en -> 1004 Bewertungen -> https://www.trustindex.io/reviews/www.fairbeamtet.de/lang/en","",""
"2026-09-28","https://www.fairbeamtet.de/pkv-tarife-vergreisen-stimmt-das/","+62 words; -106 words; a changed: 1001 Bewertungen -> https://www.trustindex.io/reviews/www.fairbeamtet.de/lang/en -> 1004 Bewertungen -> https://www.trustindex.io/reviews/www.fairbeamtet.de/lang/en","",""
"2026-09-28","https://www.fairbeamtet.de/private-krankenversicherung-mit-hashimoto/","+62 words; -106 words; a changed: 1001 Bewertungen -> https://www.trustindex.io/reviews/www.fairbeamtet.de/lang/en -> 1004 Bewertungen -> https://www.trustindex.io/reviews/www.fairbeamtet.de/lang/en","",""
"2026-09-28","https://www.fairbeamtet.de/private-krankenversicherung-mit-corona/","+62 words; -106 words; a changed: 1001 Bewertungen -> https://www.trustindex.io/reviews/www.fairbeamtet.de/lang/en -> 1004 Bewertungen -> https://www.trustindex.io/reviews/www.fairbeamtet.de/lang/en","",""
"2026-09-28","https://www.fairbeamtet.de/private-krankenversicherung-lehrer/","+62 words; -106 words; a changed: 1001 Bewertungen -> https://www.trustindex.io/reviews/www.fairbeamtet.de/lang/en -> 1004 Bewertungen -> https://www.trustindex.io/reviews/www.fairbeamtet.de/lang/en","",""
"2026-09-28","https://www.fairbeamtet.de/finanztest-2019-pkv/","+62 words; -106 words; a changed: 1001 Bewertungen -> https://www.trustindex.io/reviews/www.fairbeamtet.de/lang/en -> 1004 Bewertungen -> https://www.trustindex.io/reviews/www.fairbeamtet.de/lang/en","",""
"2026-09-28","https://www.fairbeamtet.de/anwartschaft-oder-optionstarif/","+62 words; -106 words; a changed: 1001 Bewertungen -> https://www.trustindex.io/reviews/www.fairbeamtet.de/lang/en -> 1004 Bewertungen -> https://www.trustindex.io/reviews/www.fairbeamtet.de/lang/en","",""
"2026-09-28","https://www.fairbeamtet.de/pkv-empfehlung-freunde-kollegen/","+62 words; -106 words; a changed: 1001 Bewertungen -> https://www.trustindex.io/reviews/www.fairbeamtet.de/lang/en -> 1004 Bewertungen -> https://www.trustindex.io/reviews/www.fairbeamtet.de/lang/en","",""
"2026-09-28","https://www.fairbeamtet.de/pkv-zahlt-lasik-op/","+62 words; -106 words; a changed: 1001 Bewertungen -> https://www.trustindex.io/reviews/www.fairbeamtet.de/lang/en -> 1004 Bewertungen -> https://www.trustindex.io/reviews/www.fairbeamtet.de/lang/en","",""
"2026-09-28","https://www.fairbeamtet.de/bu-unfallversicherung/","+62 words; -106 words; a changed: 1001 Bewertungen -> https://www.trustindex.io/reviews/www.fairbeamtet.de/lang/en -> 1004 Bewertungen -> https://www.trustindex.io/reviews/www.fairbeamtet.de/lang/en","",""
"2026-09-28","https://www.fairbeamtet.de/bu-du-ratgeber/bu-mit-vorerkrankungen/","","","+1 from: https://www.fairbeamtet.de/berufsunfaehigkeitsversicherung-lehrer/"
"2026-09-28","https://www.fairbeamtet.de/concordia-pkv-beitragserhoehung-2020/","+8 words; -8 words","",""
"2026-09-28","https://www.fairbeamtet.de/dienst-oder-berufsunfaehigkeitsversicherung/","+8 words; -8 words","",""
"2026-09-28","https://www.fairbeamtet.de/gefaehrliche-hobbys/","+8 words; -8 words","",""
"2026-09-28","https://www.fairbeamtet.de/bu-du-denkfehler/","+8 words; -8 words","",""
"2026-09-28","https://www.fairbeamtet.de/wartezeiten-pkv/","+8 words; -8 words","",""
"2026-09-28","https://www.fairbeamtet.de/berufsunfaehigkeitsversicherung-mit-morbus-crohn/","+8 words; -8 words","",""
"2026-09-28","https://www.fairbeamtet.de/private-krankenversicherung/referendariat/","+8 words; -8 words","",""
"2026-09-28","https://www.fairbeamtet.de/buv-duv-gesundheitsfragen/","+8 words; -8 words","",""
"2026-09-28","https://www.fairbeamtet.de/private-krankenversicherung-brustimplantate/","+8 words; -8 words","",""
"2026-09-28","https://www.fairbeamtet.de/pkv-beitragsanpassung-2025/","+8 words; -8 words","",""
"2026-09-28","https://www.fairbeamtet.de/exmatrikulation-referendariat-pkv/","+8 words; -8 words","",""
"2026-09-28","https://www.fairbeamtet.de/vorvertragliche-anzeigepflicht/","+8 words; -8 words","",""
"2026-09-28","https://www.fairbeamtet.de/privatpatient-in-der-pkv/","+8 words; -8 words","",""
"2026-09-28","https://www.fairbeamtet.de/debeka-dienstunfaehigkeitsversicherung/","+8 words; -8 words","",""
"2026-09-28","https://www.fairbeamtet.de/private-krankenversicherung/","+8 words; -8 words","",""
"2026-09-28","https://www.fairbeamtet.de/chefarztbehandlung-wahlleistungen/","+8 words; -8 words","",""
"2026-09-28","https://www.fairbeamtet.de/billige-pkv/","+8 words; -8 words","",""
"2026-09-28","https://www.fairbeamtet.de/bu-rechtsschutz/","+8 words; -8 words","",""
"2026-09-28","https://www.fairbeamtet.de/barmenia-beitragserhoehung-2020/","+8 words; -8 words","",""
"2026-09-28","https://www.fairbeamtet.de/pkv-test-barmenia-tarife-beamte/","+8 words; -8 words","",""
"2026-09-28","https://www.fairbeamtet.de/beste-pkv-deutschland/","+8 words; -8 words","",""
"2026-09-28","https://www.fairbeamtet.de/berufsunfaehigkeitsversicherung/","+8 words; -8 words","",""
"2026-09-28","https://www.fairbeamtet.de/11-fatale-fehler-abschluss-pkv/","+8 words; -8 words","",""
"2026-09-28","https://www.fairbeamtet.de/guenstige-pkv-fluch-billige-beitraege/","+8 words; -8 words","",""
"2026-09-28","https://www.fairbeamtet.de/pkv-beratung-kinder/","+8 words; -8 words","",""
"2026-09-24","https://www.fairbeamtet.de/service/online-beratung/","+18 words; -18 words","",""
"2026-09-24","https://www.fairbeamtet.de/privatpatient-in-der-pkv/","+63 words; -107 words; a changed: 990 Bewertungen -> https://www.trustindex.io/reviews/www.fairbeamtet.de/lang/en -> 1004 Bewertungen -> https://www.trustindex.io/reviews/www.fairbeamtet.de/lang/en","",""
"2026-09-24","https://www.fairbeamtet.de/bu-du-denkfehler/","+63 words; -107 words; a changed: 990 Bewertungen -> https://www.trustindex.io/reviews/www.fairbeamtet.de/lang/en -> 1004 Bewertungen -> https://www.trustindex.io/reviews/www.fairbeamtet.de/lang/en","",""
"2026-09-24","https://www.fairbeamtet.de/buv-duv-gesundheitsfragen/","+63 words; -107 words; a changed: 990 Bewertungen -> https://www.trustindex.io/reviews/www.fairbeamtet.de/lang/en -> 1004 Bewertungen -> https://www.trustindex.io/reviews/www.fairbeamtet.de/lang/en","",""
"2026-09-24","https://www.fairbeamtet.de/private-krankenversicherung/beamtenanwaerter/","+63 words; -107 words; a changed: 990 Bewertungen -> https://www.trustindex.io/reviews/www.fairbeamtet.de/lang/en -> 1004 Bewertungen -> https://www.trustindex.io/reviews/www.fairbeamtet.de/lang/en","",""
"2026-09-24","https://www.fairbeamtet.de/barmenia-beitragserhoehung-2020/","+63 words; -107 words; a changed: 990 Bewertungen -> https://www.trustindex.io/reviews/www.fairbeamtet.de/lang/en -> 1004 Bewertungen -> https://www.trustindex.io/reviews/www.fairbeamtet.de/lang/en","",""
"2026-09-24","https://www.fairbeamtet.de/private-krankenversicherung-brustimplantate/","+63 words; -107 words; a changed: 990 Bewertungen -> https://www.trustindex.io/reviews/www.fairbeamtet.de/lang/en -> 1004 Bewertungen -> https://www.trustindex.io/reviews/www.fairbeamtet.de/lang/en","",""
"2026-09-24","https://www.fairbeamtet.de/private-krankenversicherung/referendariat/","+63 words; -107 words; a changed: 990 Bewertungen -> https://www.trustindex.io/reviews/www.fairbeamtet.de/lang/en -> 1004 Bewertungen -> https://www.trustindex.io/reviews/www.fairbeamtet.de/lang/en","",""
"2026-09-24","https://www.fairbeamtet.de/pkv-beitragsanpassung-2025/","+63 words; -107 words; a changed: 990 Bewertungen -> https://www.trustindex.io/reviews/www.fairbeamtet.de/lang/en -> 1004 Bewertungen -> https://www.trustindex.io/reviews/www.fairbeamtet.de/lang/en","",""
"2026-09-24","https://www.fairbeamtet.de/berufsunfaehigkeitsversicherung-mit-morbus-crohn/","+63 words; -107 words; a changed: 990 Bewertungen -> https://www.trustindex.io/reviews/www.fairbeamtet.de/lang/en -> 1004 Bewertungen -> https://www.trustindex.io/reviews/www.fairbeamtet.de/lang/en","",""
"2026-09-24","https://www.fairbeamtet.de/debeka-dienstunfaehigkeitsversicherung/","+63 words; -107 words; a changed: 990 Bewertungen -> https://www.trustindex.io/reviews/www.fairbeamtet.de/lang/en -> 1004 Bewertungen -> https://www.trustindex.io/reviews/www.fairbeamtet.de/lang/en","",""
"2026-09-24","https://www.fairbeamtet.de/wartezeiten-pkv/","+63 words; -107 words; a changed: 990 Bewertungen -> https://www.trustindex.io/reviews/www.fairbeamtet.de/lang/en -> 1004 Bewertungen -> https://www.trustindex.io/reviews/www.fairbeamtet.de/lang/en","",""
"2026-09-24","https://www.fairbeamtet.de/dienst-oder-berufsunfaehigkeitsversicherung/","+63 words; -107 words; a changed: 990 Bewertungen -> https://www.trustindex.io/reviews/www.fairbeamtet.de/lang/en -> 1004 Bewertungen -> https://www.trustindex.io/reviews/www.fairbeamtet.de/lang/en","",""
"2026-09-24","https://www.fairbeamtet.de/exmatrikulation-referendariat-pkv/","+63 words; -107 words; a changed: 990 Bewertungen -> https://www.trustindex.io/reviews/www.fairbeamtet.de/lang/en -> 1004 Bewertungen -> https://www.trustindex.io/reviews/www.fairbeamtet.de/lang/en","",""
"2026-09-24","https://www.fairbeamtet.de/pkv-test-barmenia-tarife-beamte/","+63 words; -107 words; a changed: 990 Bewertungen -> https://www.trustindex.io/reviews/www.fairbeamtet.de/lang/en -> 1004 Bewertungen -> https://www.trustindex.io/reviews/www.fairbeamtet.de/lang/en","",""
"2026-09-24","https://www.fairbeamtet.de/private-krankenversicherung/beamte/","+63 words; -107 words; a changed: 990 Bewertungen -> https://www.trustindex.io/reviews/www.fairbeamtet.de/lang/en -> 1004 Bewertungen -> https://www.trustindex.io/reviews/www.fairbeamtet.de/lang/en","",""
"2026-09-24","https://www.fairbeamtet.de/vorvertragliche-anzeigepflicht/","+63 words; -107 words; a changed: 990 Bewertungen -> https://www.trustindex.io/reviews/www.fairbeamtet.de/lang/en -> 1004 Bewertungen -> https://www.trustindex.io/reviews/www.fairbeamtet.de/lang/en","",""
"2026-09-24","https://www.fairbeamtet.de/pkv-beratung-3-berater-3-meinungen/","+63 words; -107 words; a changed: 990 Bewertungen -> https://www.trustindex.io/reviews/www.fairbeamtet.de/lang/en -> 1004 Bewertungen -> https://www.trustindex.io/reviews/www.fairbeamtet.de/lang/en","",""
"2026-09-24","https://www.fairbeamtet.de/alte-oldenburger-pkv-test-beamte/","+63 words; -107 words; a changed: 990 Bewertungen -> https://www.trustindex.io/reviews/www.fairbeamtet.de/lang/en -> 1004 Bewertungen -> https://www.trustindex.io/reviews/www.fairbeamtet.de/lang/en","",""
"2026-09-24","https://www.fairbeamtet.de/berufsunfaehigkeitsversicherung/","+63 words; -107 words; a changed: 990 Bewertungen -> https://www.trustindex.io/reviews/www.fairbeamtet.de/lang/en -> 1004 Bewertungen -> https://www.trustindex.io/reviews/www.fairbeamtet.de/lang/en","",""
"2026-09-24","https://www.fairbeamtet.de/guenstige-pkv-fluch-billige-beitraege/","+63 words; -107 words; a changed: 990 Bewertungen -> https://www.trustindex.io/reviews/www.fairbeamtet.de/lang/en -> 1004 Bewertungen -> https://www.trustindex.io/reviews/www.fairbeamtet.de/lang/en","",""
"2026-09-24","https://www.fairbeamtet.de/chefarztbehandlung-wahlleistungen/","+63 words; -107 words; a changed: 990 Bewertungen -> https://www.trustindex.io/reviews/www.fairbeamtet.de/lang/en -> 1004 Bewertungen -> https://www.trustindex.io/reviews/www.fairbeamtet.de/lang/en","",""
"2026-09-24","https://www.fairbeamtet.de/concordia-pkv-beitragserhoehung-2020/","+63 words; -107 words; a changed: 990 Bewertungen -> https://www.trustindex.io/reviews/www.fairbeamtet.de/lang/en -> 1004 Bewertungen -> https://www.trustindex.io/reviews/www.fairbeamtet.de/lang/en","",""
"2026-09-24","https://www.fairbeamtet.de/berufsunfaehigkeitsversicherung-mit-hashimoto/","+63 words; -107 words; a changed: 990 Bewertungen -> https://www.trustindex.io/reviews/www.fairbeamtet.de/lang/en -> 1004 Bewertungen -> https://www.trustindex.io/reviews/www.fairbeamtet.de/lang/en","",""
"2026-09-24","https://www.fairbeamtet.de/pkv-beratung-kinder/","+63 words; -107 words; a changed: 990 Bewertungen -> https://www.trustindex.io/reviews/www.fairbeamtet.de/lang/en -> 1004 Bewertungen -> https://www.trustindex.io/reviews/www.fairbeamtet.de/lang/en","",""
"2026-09-24","https://www.fairbeamtet.de/private-krankenversicherung/","+63 words; -107 words; a changed: 990 Bewertungen -> https://www.trustindex.io/reviews/www.fairbeamtet.de/lang/en -> 1004 Bewertungen -> https://www.trustindex.io/reviews/www.fairbeamtet.de/lang/en","",""
"2026-09-24","https://www.fairbeamtet.de/11-fatale-fehler-abschluss-pkv/","+63 words; -107 words; a changed: 990 Bewertungen -> https://www.trustindex.io/reviews/www.fairbeamtet.de/lang/en -> 1004 Bewertungen -> https://www.trustindex.io/reviews/www.fairbeamtet.de/lang/en","",""
"2026-09-24","https://www.fairbeamtet.de/beitragsentwicklung-pkv-gkv-beamte/","+63 words; -107 words; a changed: 990 Bewertungen -> https://www.trustindex.io/reviews/www.fairbeamtet.de/lang/en -> 1004 Bewertungen -> https://www.trustindex.io/reviews/www.fairbeamtet.de/lang/en","",""
"2026-09-24","https://www.fairbeamtet.de/berufsunfaehigkeitsversicherung-mit-migraene/","+63 words; -107 words; a changed: 990 Bewertungen -> https://www.trustindex.io/reviews/www.fairbeamtet.de/lang/en -> 1004 Bewertungen -> https://www.trustindex.io/reviews/www.fairbeamtet.de/lang/en","",""
"2026-09-24","https://www.fairbeamtet.de/berufsunfaehigkeitsversicherung-lehrer/","+63 words; -107 words; a changed: 990 Bewertungen -> https://www.trustindex.io/reviews/www.fairbeamtet.de/lang/en -> 1004 Bewertungen -> https://www.trustindex.io/reviews/www.fairbeamtet.de/lang/en","",""
"2026-09-24","https://www.fairbeamtet.de/beste-pkv-deutschland/","+63 words; -107 words; a changed: 990 Bewertungen -> https://www.trustindex.io/reviews/www.fairbeamtet.de/lang/en -> 1004 Bewertungen -> https://www.trustindex.io/reviews/www.fairbeamtet.de/lang/en","",""
"2026-09-24","https://www.fairbeamtet.de/kind-pkv-versichern/","+63 words; -107 words; a changed: 990 Bewertungen -> https://www.trustindex.io/reviews/www.fairbeamtet.de/lang/en -> 1004 Bewertungen -> https://www.trustindex.io/reviews/www.fairbeamtet.de/lang/en","",""
"2026-09-24","https://www.fairbeamtet.de/billige-pkv-dreisste-lockangebote-internet/","+63 words; -107 words; a changed: 1001 Bewertungen -> https://www.trustindex.io/reviews/www.fairbeamtet.de/lang/en -> 1004 Bewertungen -> https://www.trustindex.io/reviews/www.fairbeamtet.de/lang/en","",""
"2026-09-24","https://www.fairbeamtet.de/private-krankenversicherung-mit-uebergewicht/","+63 words; -107 words; a changed: 1001 Bewertungen -> https://www.trustindex.io/reviews/www.fairbeamtet.de/lang/en -> 1004 Bewertungen -> https://www.trustindex.io/reviews/www.fairbeamtet.de/lang/en","",""
"2026-09-24","https://www.fairbeamtet.de/gefaehrliche-hobbys/","+63 words; -107 words; a changed: 1001 Bewertungen -> https://www.trustindex.io/reviews/www.fairbeamtet.de/lang/en -> 1004 Bewertungen -> https://www.trustindex.io/reviews/www.fairbeamtet.de/lang/en","",""
"2026-09-24","https://www.fairbeamtet.de/billige-pkv/","+63 words; -107 words; a changed: 1001 Bewertungen -> https://www.trustindex.io/reviews/www.fairbeamtet.de/lang/en -> 1004 Bewertungen -> https://www.trustindex.io/reviews/www.fairbeamtet.de/lang/en","",""
"2026-09-24","https://www.fairbeamtet.de/bu-rechtsschutz/","+63 words; -107 words; a changed: 1001 Bewertungen -> https://www.trustindex.io/reviews/www.fairbeamtet.de/lang/en -> 1004 Bewertungen -> https://www.trustindex.io/reviews/www.fairbeamtet.de/lang/en","",""
"2026-09-24","https://www.fairbeamtet.de/sven-hoehne-pkv-experte-fairbeamtet/","+10 words; -10 words","",""
"2026-09-24","https://www.fairbeamtet.de/finanztest-2019-pkv/","+8 words; -8 words; a changed: 990 Bewertungen -> https://www.trustindex.io/reviews/www.fairbeamtet.de/lang/en -> 1001 Bewertungen -> https://www.trustindex.io/reviews/www.fairbeamtet.de/lang/en","",""
"2026-09-24","https://www.fairbeamtet.de/jahresarbeitsentgeltgrenze/","+8 words; -8 words; a changed: 990 Bewertungen -> https://www.trustindex.io/reviews/www.fairbeamtet.de/lang/en -> 1001 Bewertungen -> https://www.trustindex.io/reviews/www.fairbeamtet.de/lang/en","",""
"2026-09-24","https://www.fairbeamtet.de/familienzuschlag-fuer-beamte/","+8 words; -8 words; a changed: 990 Bewertungen -> https://www.trustindex.io/reviews/www.fairbeamtet.de/lang/en -> 1001 Bewertungen -> https://www.trustindex.io/reviews/www.fairbeamtet.de/lang/en","",""
"2026-09-24","https://www.fairbeamtet.de/private-krankenversicherung-lehrer/","+8 words; -8 words; a changed: 990 Bewertungen -> https://www.trustindex.io/reviews/www.fairbeamtet.de/lang/en -> 1001 Bewertungen -> https://www.trustindex.io/reviews/www.fairbeamtet.de/lang/en","",""
"2026-09-24","https://www.fairbeamtet.de/pauschale-beihilfe/","+8 words; -8 words; a changed: 990 Bewertungen -> https://www.trustindex.io/reviews/www.fairbeamtet.de/lang/en -> 1001 Bewertungen -> https://www.trustindex.io/reviews/www.fairbeamtet.de/lang/en","",""
"2026-09-24","https://www.fairbeamtet.de/private-krankenversicherung-mit-asthma/","+8 words; -8 words; a changed: 990 Bewertungen -> https://www.trustindex.io/reviews/www.fairbeamtet.de/lang/en -> 1001 Bewertungen -> https://www.trustindex.io/reviews/www.fairbeamtet.de/lang/en","",""
"2026-09-24","https://www.fairbeamtet.de/private-krankenversicherung-mit-corona/","+8 words; -8 words; a changed: 990 Bewertungen -> https://www.trustindex.io/reviews/www.fairbeamtet.de/lang/en -> 1001 Bewertungen -> https://www.trustindex.io/reviews/www.fairbeamtet.de/lang/en","",""
"2026-09-24","https://www.fairbeamtet.de/du-abschlussmodelle/","+8 words; -8 words; a changed: 990 Bewertungen -> https://www.trustindex.io/reviews/www.fairbeamtet.de/lang/en -> 1001 Bewertungen -> https://www.trustindex.io/reviews/www.fairbeamtet.de/lang/en","",""
"2026-09-24","https://www.fairbeamtet.de/pkv-zahlt-lasik-op/","+8 words; -8 words; a changed: 990 Bewertungen -> https://www.trustindex.io/reviews/www.fairbeamtet.de/lang/en -> 1001 Bewertungen -> https://www.trustindex.io/reviews/www.fairbeamtet.de/lang/en","",""
"2026-09-24","https://www.fairbeamtet.de/gesundheitsfragen/","+8 words; -8 words; a changed: 990 Bewertungen -> https://www.trustindex.io/reviews/www.fairbeamtet.de/lang/en -> 1001 Bewertungen -> https://www.trustindex.io/reviews/www.fairbeamtet.de/lang/en","",""
"2026-09-24","https://www.fairbeamtet.de/pkv-empfehlung-freunde-kollegen/","+8 words; -8 words; a changed: 990 Bewertungen -> https://www.trustindex.io/reviews/www.fairbeamtet.de/lang/en -> 1001 Bewertungen -> https://www.trustindex.io/reviews/www.fairbeamtet.de/lang/en","",""
"2026-09-24","https://www.fairbeamtet.de/5-tipps-pkv-vergleich/","+8 words; -8 words; a changed: 990 Bewertungen -> https://www.trustindex.io/reviews/www.fairbeamtet.de/lang/en -> 1001 Bewertungen -> https://www.trustindex.io/reviews/www.fairbeamtet.de/lang/en","",""
"2026-09-24","https://www.fairbeamtet.de/private-krankenversicherung/private-zusatzversicherung/","+8 words; -8 words; a changed: 990 Bewertungen -> https://www.trustindex.io/reviews/www.fairbeamtet.de/lang/en -> 1001 Bewertungen -> https://www.trustindex.io/reviews/www.fairbeamtet.de/lang/en","",""
"2026-09-24","https://www.fairbeamtet.de/pkv-wird-teurer-was-tun/","+8 words; -8 words; a changed: 990 Bewertungen -> https://www.trustindex.io/reviews/www.fairbeamtet.de/lang/en -> 1001 Bewertungen -> https://www.trustindex.io/reviews/www.fairbeamtet.de/lang/en","",""
"2026-09-24","https://www.fairbeamtet.de/private-krankenversicherung-mit-hashimoto/","+8 words; -8 words; a changed: 990 Bewertungen -> https://www.trustindex.io/reviews/www.fairbeamtet.de/lang/en -> 1001 Bewertungen -> https://www.trustindex.io/reviews/www.fairbeamtet.de/lang/en","",""
"2026-09-24","https://www.fairbeamtet.de/beihilfefristen-in-der-pkv/","+8 words; -8 words; a changed: 990 Bewertungen -> https://www.trustindex.io/reviews/www.fairbeamtet.de/lang/en -> 1001 Bewertungen -> https://www.trustindex.io/reviews/www.fairbeamtet.de/lang/en","",""
"2026-09-24","https://www.fairbeamtet.de/10-pluspunkte-debeka-pkv/","+8 words; -8 words; a changed: 990 Bewertungen -> https://www.trustindex.io/reviews/www.fairbeamtet.de/lang/en -> 1001 Bewertungen -> https://www.trustindex.io/reviews/www.fairbeamtet.de/lang/en","",""
"2026-09-24","https://www.fairbeamtet.de/debeka-dbv-oder-huk/","+8 words; -8 words; a changed: 990 Bewertungen -> https://www.trustindex.io/reviews/www.fairbeamtet.de/lang/en -> 1001 Bewertungen -> https://www.trustindex.io/reviews/www.fairbeamtet.de/lang/en","",""
"2026-09-24","https://www.fairbeamtet.de/debeka-private-krankenversicherung-beamte-test/","+8 words; -8 words; a changed: 990 Bewertungen -> https://www.trustindex.io/reviews/www.fairbeamtet.de/lang/en -> 1001 Bewertungen -> https://www.trustindex.io/reviews/www.fairbeamtet.de/lang/en","",""
"2026-09-24","https://www.fairbeamtet.de/dienstunfaehigkeitsversicherung-beamte-sinnvoll/","+8 words; -8 words; a changed: 990 Bewertungen -> https://www.trustindex.io/reviews/www.fairbeamtet.de/lang/en -> 1001 Bewertungen -> https://www.trustindex.io/reviews/www.fairbeamtet.de/lang/en","",""
"2026-09-24","https://www.fairbeamtet.de/anwartschaft-oder-optionstarif/","+8 words; -8 words; a changed: 990 Bewertungen -> https://www.trustindex.io/reviews/www.fairbeamtet.de/lang/en -> 1001 Bewertungen -> https://www.trustindex.io/reviews/www.fairbeamtet.de/lang/en","",""
"2026-09-24","https://www.fairbeamtet.de/private-krankenversicherung-mit-heuschnupfen/","+8 words; -8 words; a changed: 990 Bewertungen -> https://www.trustindex.io/reviews/www.fairbeamtet.de/lang/en -> 1001 Bewertungen -> https://www.trustindex.io/reviews/www.fairbeamtet.de/lang/en","",""
"2026-09-24","https://www.fairbeamtet.de/verkaufstricks-versicherungsvermittler/","+8 words; -8 words; a changed: 990 Bewertungen -> https://www.trustindex.io/reviews/www.fairbeamtet.de/lang/en -> 1001 Bewertungen -> https://www.trustindex.io/reviews/www.fairbeamtet.de/lang/en","",""
"2026-09-24","https://www.fairbeamtet.de/anwartschaft-fuer-lehramtsstudenten/","+8 words; -8 words; a changed: 990 Bewertungen -> https://www.trustindex.io/reviews/www.fairbeamtet.de/lang/en -> 1001 Bewertungen -> https://www.trustindex.io/reviews/www.fairbeamtet.de/lang/en","",""
"2026-09-24","https://www.fairbeamtet.de/berufsunfaehigkeitsversicherung-uebergewicht/","+8 words; -8 words; a changed: 990 Bewertungen -> https://www.trustindex.io/reviews/www.fairbeamtet.de/lang/en -> 1001 Bewertungen -> https://www.trustindex.io/reviews/www.fairbeamtet.de/lang/en","",""
"2026-09-24","https://www.fairbeamtet.de/berater-vor-ort/","+8 words; -8 words; a changed: 990 Bewertungen -> https://www.trustindex.io/reviews/www.fairbeamtet.de/lang/en -> 1001 Bewertungen -> https://www.trustindex.io/reviews/www.fairbeamtet.de/lang/en","",""
"2026-09-24","https://www.fairbeamtet.de/bu-unfallversicherung/","+8 words; -8 words; a changed: 990 Bewertungen -> https://www.trustindex.io/reviews/www.fairbeamtet.de/lang/en -> 1001 Bewertungen -> https://www.trustindex.io/reviews/www.fairbeamtet.de/lang/en","",""
"2026-09-24","https://www.fairbeamtet.de/stiftung-warentest-pkv-test-beamte-2025/","+8 words; -8 words; a changed: 990 Bewertungen -> https://www.trustindex.io/reviews/www.fairbeamtet.de/lang/en -> 1001 Bewertungen -> https://www.trustindex.io/reviews/www.fairbeamtet.de/lang/en","",""
"2026-09-24","https://www.fairbeamtet.de/berufsunfaehigkeitsversicherung-cannabis/","+8 words; -8 words; a changed: 990 Bewertungen -> https://www.trustindex.io/reviews/www.fairbeamtet.de/lang/en -> 1001 Bewertungen -> https://www.trustindex.io/reviews/www.fairbeamtet.de/lang/en","",""
"2026-09-24","https://www.fairbeamtet.de/nachmeldepflicht/","+8 words; -8 words; a changed: 990 Bewertungen -> https://www.trustindex.io/reviews/www.fairbeamtet.de/lang/en -> 1001 Bewertungen -> https://www.trustindex.io/reviews/www.fairbeamtet.de/lang/en","",""
"2026-09-24","https://www.fairbeamtet.de/sonderklauseln-du-versicherung/","+8 words; -8 words; a changed: 990 Bewertungen -> https://www.trustindex.io/reviews/www.fairbeamtet.de/lang/en -> 1001 Bewertungen -> https://www.trustindex.io/reviews/www.fairbeamtet.de/lang/en","",""
"2026-09-24","https://www.fairbeamtet.de/berufsunfaehigkeitsversicherung-mit-asthma/","+8 words; -8 words; a changed: 990 Bewertungen -> https://www.trustindex.io/reviews/www.fairbeamtet.de/lang/en -> 1001 Bewertungen -> https://www.trustindex.io/reviews/www.fairbeamtet.de/lang/en","",""
"2026-09-24","https://www.fairbeamtet.de/debeka-beitragserhoehung-2025/","+8 words; -8 words; a changed: 990 Bewertungen -> https://www.trustindex.io/reviews/www.fairbeamtet.de/lang/en -> 1001 Bewertungen -> https://www.trustindex.io/reviews/www.fairbeamtet.de/lang/en","",""
"2026-09-24","https://www.fairbeamtet.de/unterschiede-pkv-und-gkv/","+8 words; -8 words; a changed: 990 Bewertungen -> https://www.trustindex.io/reviews/www.fairbeamtet.de/lang/en -> 1001 Bewertungen -> https://www.trustindex.io/reviews/www.fairbeamtet.de/lang/en","",""
"2026-09-24","https://www.fairbeamtet.de/","+8 words; -8 words; a changed: 990 Bewertungen -> https://www.trustindex.io/reviews/www.fairbeamtet.de/lang/en -> 1001 Bewertungen -> https://www.trustindex.io/reviews/www.fairbeamtet.de/lang/en","",""
"2026-09-24","https://www.fairbeamtet.de/beitragsrueckerstattung-debeka/","+8 words; -8 words; a changed: 990 Bewertungen -> https://www.trustindex.io/reviews/www.fairbeamtet.de/lang/en -> 1001 Bewertungen -> https://www.trustindex.io/reviews/www.fairbeamtet.de/lang/en","",""
"2026-09-24","https://www.fairbeamtet.de/kindergeld-fuer-beamte/","+8 words; -8 words; a changed: 990 Bewertungen -> https://www.trustindex.io/reviews/www.fairbeamtet.de/lang/en -> 1001 Bewertungen -> https://www.trustindex.io/reviews/www.fairbeamtet.de/lang/en","",""
"2026-09-24","https://www.fairbeamtet.de/berufsunfaehigkeitsversicherung-mit-tinnitus/","+8 words; -8 words; a changed: 990 Bewertungen -> https://www.trustindex.io/reviews/www.fairbeamtet.de/lang/en -> 1001 Bewertungen -> https://www.trustindex.io/reviews/www.fairbeamtet.de/lang/en","",""
"2026-09-24","https://www.fairbeamtet.de/beamte-kinder-gkv-oder-pkv-versichern/","+8 words; -8 words; a changed: 990 Bewertungen -> https://www.trustindex.io/reviews/www.fairbeamtet.de/lang/en -> 1001 Bewertungen -> https://www.trustindex.io/reviews/www.fairbeamtet.de/lang/en","",""
"2026-09-24","https://www.fairbeamtet.de/dienstunfaehigkeitsversicherung-polizei/","+8 words; -8 words; a changed: 990 Bewertungen -> https://www.trustindex.io/reviews/www.fairbeamtet.de/lang/en -> 1001 Bewertungen -> https://www.trustindex.io/reviews/www.fairbeamtet.de/lang/en","",""
"2026-09-24","https://www.fairbeamtet.de/service/","+8 words; -8 words; a changed: 990 Bewertungen -> https://www.trustindex.io/reviews/www.fairbeamtet.de/lang/en -> 1001 Bewertungen -> https://www.trustindex.io/reviews/www.fairbeamtet.de/lang/en","",""
"2026-09-24","https://www.fairbeamtet.de/private-krankenversicherung/pkv-gesellschaften/","+8 words; -8 words; a changed: 990 Bewertungen -> https://www.trustindex.io/reviews/www.fairbeamtet.de/lang/en -> 1001 Bewertungen -> https://www.trustindex.io/reviews/www.fairbeamtet.de/lang/en","",""
"2026-09-24","https://www.fairbeamtet.de/berufsunfaehigkeitsversicherung-psychotherapie/","+8 words; -8 words; a changed: 990 Bewertungen -> https://www.trustindex.io/reviews/www.fairbeamtet.de/lang/en -> 1001 Bewertungen -> https://www.trustindex.io/reviews/www.fairbeamtet.de/lang/en","",""
"2026-09-24","https://www.fairbeamtet.de/amtsaerztliche-untersuchung/","+8 words; -8 words; a changed: 990 Bewertungen -> https://www.trustindex.io/reviews/www.fairbeamtet.de/lang/en -> 1001 Bewertungen -> https://www.trustindex.io/reviews/www.fairbeamtet.de/lang/en","",""
"2026-09-24","https://www.fairbeamtet.de/debeka-beitragserhoehung-2021/","+8 words; -8 words; a changed: 990 Bewertungen -> https://www.trustindex.io/reviews/www.fairbeamtet.de/lang/en -> 1001 Bewertungen -> https://www.trustindex.io/reviews/www.fairbeamtet.de/lang/en","",""
"2026-09-24","https://www.fairbeamtet.de/debeka-oder-dbv-pkv-beamte-vergleich/","+8 words; -8 words; a changed: 990 Bewertungen -> https://www.trustindex.io/reviews/www.fairbeamtet.de/lang/en -> 1001 Bewertungen -> https://www.trustindex.io/reviews/www.fairbeamtet.de/lang/en","",""
"2026-09-24","https://www.fairbeamtet.de/private-krankenversicherung-mit-migraene/","+9 words; -9 words","",""
"2026-09-24","https://www.fairbeamtet.de/pkv-tarife-vergreisen-stimmt-das/","+9 words; -9 words","",""
"2026-09-24","https://www.fairbeamtet.de/guenstige-pkv/","+9 words; -9 words","",""
"2026-09-20","https://www.fairbeamtet.de/jahresarbeitsentgeltgrenze/","+53 words; -25 words; a changed: 988 Bewertungen -> https://www.trustindex.io/reviews/www.fairbeamtet.de/lang/en -> 990 Bewertungen -> https://www.trustindex.io/reviews/www.fairbeamtet.de/lang/en; meta[name=description] changed: Jahresarbeitsentgeltgrenze 2025 erklärt: JAEG Tabelle, PKV Grenzen & GKV Höchstbeitrag. Jetzt prüfen, ob sich der Wechsel in die PKV für dich lohnt. -> Jahresarbeitsentgeltgrenze 2026 erklärt: JAEG Tabelle, PKV Grenzen & GKV Höchstbeitrag. Jetzt prüfen, ob sich der Wechsel in die PKV für dich lohnt.; title changed: Jahresarbeitsentgeltgrenze 2025: Jetzt clever in die PKV wechseln -> Jahresarbeitsentgeltgrenze 2026: Jetzt clever in die PKV wechseln","",""
"2026-09-20","https://www.fairbeamtet.de/kind-pkv-versichern/","+50 words; -22 words; a changed: 988 Bewertungen -> https://www.trustindex.io/reviews/www.fairbeamtet.de/lang/en -> 990 Bewertungen -> https://www.trustindex.io/reviews/www.fairbeamtet.de/lang/en","",""
"2026-09-20","https://www.fairbeamtet.de/beitragsrueckerstattung-debeka/","+50 words; -22 words; a changed: 988 Bewertungen -> https://www.trustindex.io/reviews/www.fairbeamtet.de/lang/en -> 990 Bewertungen -> https://www.trustindex.io/reviews/www.fairbeamtet.de/lang/en","",""
"2026-09-20","https://www.fairbeamtet.de/debeka-private-krankenversicherung-beamte-test/","+50 words; -22 words; a changed: 988 Bewertungen -> https://www.trustindex.io/reviews/www.fairbeamtet.de/lang/en -> 990 Bewertungen -> https://www.trustindex.io/reviews/www.fairbeamtet.de/lang/en","",""
"2026-09-20","https://www.fairbeamtet.de/","+50 words; -22 words; a changed: 988 Bewertungen -> https://www.trustindex.io/reviews/www.fairbeamtet.de/lang/en -> 990 Bewertungen -> https://www.trustindex.io/reviews/www.fairbeamtet.de/lang/en","",""
"2026-09-20","https://www.fairbeamtet.de/pkv-beitragsanpassung-2025/","+50 words; -22 words; a changed: 988 Bewertungen -> https://www.trustindex.io/reviews/www.fairbeamtet.de/lang/en -> 990 Bewertungen -> https://www.trustindex.io/reviews/www.fairbeamtet.de/lang/en","",""
"2026-09-20","https://www.fairbeamtet.de/berufsunfaehigkeitsversicherung-mit-asthma/","+52 words; -24 words; a changed: 988 Bewertungen -> https://www.trustindex.io/reviews/www.fairbeamtet.de/lang/en -> 990 Bewertungen -> https://www.trustindex.io/reviews/www.fairbeamtet.de/lang/en","",""
"2026-09-20","https://www.fairbeamtet.de/private-krankenversicherung-mit-uebergewicht/","+50 words; -22 words; a changed: 988 Bewertungen -> https://www.trustindex.io/reviews/www.fairbeamtet.de/lang/en -> 1001 Bewertungen -> https://www.trustindex.io/reviews/www.fairbeamtet.de/lang/en","",""
"2026-09-20","https://www.fairbeamtet.de/gefaehrliche-hobbys/","+50 words; -22 words; a changed: 988 Bewertungen -> https://www.trustindex.io/reviews/www.fairbeamtet.de/lang/en -> 1001 Bewertungen -> https://www.trustindex.io/reviews/www.fairbeamtet.de/lang/en","",""
"2026-09-20","https://www.fairbeamtet.de/billige-pkv-dreisste-lockangebote-internet/","+50 words; -22 words; a changed: 988 Bewertungen -> https://www.trustindex.io/reviews/www.fairbeamtet.de/lang/en -> 1001 Bewertungen -> https://www.trustindex.io/reviews/www.fairbeamtet.de/lang/en","",""
"2026-09-20","https://www.fairbeamtet.de/guenstige-pkv/","+50 words; -22 words; a changed: 988 Bewertungen -> https://www.trustindex.io/reviews/www.fairbeamtet.de/lang/en -> 1001 Bewertungen -> https://www.trustindex.io/reviews/www.fairbeamtet.de/lang/en","",""
"2026-09-20","https://www.fairbeamtet.de/billige-pkv/","+50 words; -22 words; a changed: 988 Bewertungen -> https://www.trustindex.io/reviews/www.fairbeamtet.de/lang/en -> 1001 Bewertungen -> https://www.trustindex.io/reviews/www.fairbeamtet.de/lang/en","",""
"2026-09-20","https://www.fairbeamtet.de/bu-rechtsschutz/","+50 words; -22 words; a changed: 988 Bewertungen -> https://www.trustindex.io/reviews/www.fairbeamtet.de/lang/en -> 1001 Bewertungen -> https://www.trustindex.io/reviews/www.fairbeamtet.de/lang/en","",""
"2026-09-20","https://www.fairbeamtet.de/private-krankenversicherung-mit-migraene/","+50 words; -22 words; a changed: 988 Bewertungen -> https://www.trustindex.io/reviews/www.fairbeamtet.de/lang/en -> 1001 Bewertungen -> https://www.trustindex.io/reviews/www.fairbeamtet.de/lang/en","",""
"2026-09-20","https://www.fairbeamtet.de/pkv-tarife-vergreisen-stimmt-das/","+50 words; -22 words; a changed: 988 Bewertungen -> https://www.trustindex.io/reviews/www.fairbeamtet.de/lang/en -> 1001 Bewertungen -> https://www.trustindex.io/reviews/www.fairbeamtet.de/lang/en","",""
"2026-09-20","https://www.fairbeamtet.de/sven-hoehne-pkv-experte-fairbeamtet/","+9 words; -9 words","",""
"2026-09-20","https://www.fairbeamtet.de/berufsunfaehigkeitsversicherung-mit-tinnitus/","+50 words; -22 words; a changed: 988 Bewertungen -> https://www.trustindex.io/reviews/www.fairbeamtet.de/lang/en -> 990 Bewertungen -> https://www.trustindex.io/reviews/www.fairbeamtet.de/lang/en","",""
"2026-09-20","https://www.fairbeamtet.de/privatpatient-in-der-pkv/","+50 words; -22 words; a changed: 988 Bewertungen -> https://www.trustindex.io/reviews/www.fairbeamtet.de/lang/en -> 990 Bewertungen -> https://www.trustindex.io/reviews/www.fairbeamtet.de/lang/en","",""
"2026-09-20","https://www.fairbeamtet.de/familienzuschlag-fuer-beamte/","+50 words; -22 words; a changed: 988 Bewertungen -> https://www.trustindex.io/reviews/www.fairbeamtet.de/lang/en -> 990 Bewertungen -> https://www.trustindex.io/reviews/www.fairbeamtet.de/lang/en","",""
"2026-09-20","https://www.fairbeamtet.de/beste-pkv-deutschland/","+50 words; -22 words; a changed: 988 Bewertungen -> https://www.trustindex.io/reviews/www.fairbeamtet.de/lang/en -> 990 Bewertungen -> https://www.trustindex.io/reviews/www.fairbeamtet.de/lang/en","",""
"2026-09-20","https://www.fairbeamtet.de/debeka-beitragserhoehung-2021/","+50 words; -22 words; a changed: 988 Bewertungen -> https://www.trustindex.io/reviews/www.fairbeamtet.de/lang/en -> 990 Bewertungen -> https://www.trustindex.io/reviews/www.fairbeamtet.de/lang/en","",""
"2026-09-20","https://www.fairbeamtet.de/alte-oldenburger-pkv-test-beamte/","+50 words; -22 words; a changed: 988 Bewertungen -> https://www.trustindex.io/reviews/www.fairbeamtet.de/lang/en -> 990 Bewertungen -> https://www.trustindex.io/reviews/www.fairbeamtet.de/lang/en","",""
"2026-09-20","https://www.fairbeamtet.de/private-krankenversicherung-mit-asthma/","+50 words; -22 words; a changed: 988 Bewertungen -> https://www.trustindex.io/reviews/www.fairbeamtet.de/lang/en -> 990 Bewertungen -> https://www.trustindex.io/reviews/www.fairbeamtet.de/lang/en","",""
"2026-09-20","https://www.fairbeamtet.de/stiftung-warentest-pkv-test-beamte-2025/","+50 words; -22 words; a changed: 988 Bewertungen -> https://www.trustindex.io/reviews/www.fairbeamtet.de/lang/en -> 990 Bewertungen -> https://www.trustindex.io/reviews/www.fairbeamtet.de/lang/en","",""
"2026-09-20","https://www.fairbeamtet.de/beihilfefristen-in-der-pkv/","+50 words; -22 words; a changed: 988 Bewertungen -> https://www.trustindex.io/reviews/www.fairbeamtet.de/lang/en -> 990 Bewertungen -> https://www.trustindex.io/reviews/www.fairbeamtet.de/lang/en","",""
"2026-09-20","https://www.fairbeamtet.de/chefarztbehandlung-wahlleistungen/","+50 words; -22 words; a changed: 988 Bewertungen -> https://www.trustindex.io/reviews/www.fairbeamtet.de/lang/en -> 990 Bewertungen -> https://www.trustindex.io/reviews/www.fairbeamtet.de/lang/en","",""
"2026-09-20","https://www.fairbeamtet.de/berufsunfaehigkeitsversicherung-uebergewicht/","+50 words; -22 words; a changed: 988 Bewertungen -> https://www.trustindex.io/reviews/www.fairbeamtet.de/lang/en -> 990 Bewertungen -> https://www.trustindex.io/reviews/www.fairbeamtet.de/lang/en","",""
"2026-09-20","https://www.fairbeamtet.de/private-krankenversicherung/","+50 words; -22 words; a changed: 988 Bewertungen -> https://www.trustindex.io/reviews/www.fairbeamtet.de/lang/en -> 990 Bewertungen -> https://www.trustindex.io/reviews/www.fairbeamtet.de/lang/en","",""
"2026-09-20","https://www.fairbeamtet.de/nachmeldepflicht/","+50 words; -22 words; a changed: 988 Bewertungen -> https://www.trustindex.io/reviews/www.fairbeamtet.de/lang/en -> 990 Bewertungen -> https://www.trustindex.io/reviews/www.fairbeamtet.de/lang/en","",""
"2026-09-20","https://www.fairbeamtet.de/berufsunfaehigkeitsversicherung-cannabis/","+50 words; -22 words; a changed: 988 Bewertungen -> https://www.trustindex.io/reviews/www.fairbeamtet.de/lang/en -> 990 Bewertungen -> https://www.trustindex.io/reviews/www.fairbeamtet.de/lang/en","",""
"2026-09-20","https://www.fairbeamtet.de/berater-vor-ort/","+50 words; -22 words; a changed: 988 Bewertungen -> https://www.trustindex.io/reviews/www.fairbeamtet.de/lang/en -> 990 Bewertungen -> https://www.trustindex.io/reviews/www.fairbeamtet.de/lang/en","",""
"2026-09-20","https://www.fairbeamtet.de/unterschiede-pkv-und-gkv/","+50 words; -22 words; a changed: 988 Bewertungen -> https://www.trustindex.io/reviews/www.fairbeamtet.de/lang/en -> 990 Bewertungen -> https://www.trustindex.io/reviews/www.fairbeamtet.de/lang/en","",""
"2026-09-20","https://www.fairbeamtet.de/sonderklauseln-du-versicherung/","+50 words; -22 words; a changed: 988 Bewertungen -> https://www.trustindex.io/reviews/www.fairbeamtet.de/lang/en -> 990 Bewertungen -> https://www.trustindex.io/reviews/www.fairbeamtet.de/lang/en","",""
"2026-09-20","https://www.fairbeamtet.de/kindergeld-fuer-beamte/","+50 words; -22 words; a changed: 988 Bewertungen -> https://www.trustindex.io/reviews/www.fairbeamtet.de/lang/en -> 990 Bewertungen -> https://www.trustindex.io/reviews/www.fairbeamtet.de/lang/en","",""
"2026-09-20","https://www.fairbeamtet.de/beamte-kinder-gkv-oder-pkv-versichern/","+50 words; -22 words; a changed: 988 Bewertungen -> https://www.trustindex.io/reviews/www.fairbeamtet.de/lang/en -> 990 Bewertungen -> https://www.trustindex.io/reviews/www.fairbeamtet.de/lang/en","",""
"2026-09-20","https://www.fairbeamtet.de/berufsunfaehigkeitsversicherung-mit-morbus-crohn/","+50 words; -22 words; a changed: 988 Bewertungen -> https://www.trustindex.io/reviews/www.fairbeamtet.de/lang/en -> 990 Bewertungen -> https://www.trustindex.io/reviews/www.fairbeamtet.de/lang/en","",""
"2026-09-20","https://www.fairbeamtet.de/debeka-oder-dbv-pkv-beamte-vergleich/","+50 words; -22 words; a changed: 988 Bewertungen -> https://www.trustindex.io/reviews/www.fairbeamtet.de/lang/en -> 990 Bewertungen -> https://www.trustindex.io/reviews/www.fairbeamtet.de/lang/en","",""
"2026-09-20","https://www.fairbeamtet.de/private-krankenversicherung-mit-heuschnupfen/","+50 words; -22 words; a changed: 988 Bewertungen -> https://www.trustindex.io/reviews/www.fairbeamtet.de/lang/en -> 990 Bewertungen -> https://www.trustindex.io/reviews/www.fairbeamtet.de/lang/en","",""
"2026-09-20","https://www.fairbeamtet.de/exmatrikulation-referendariat-pkv/","+50 words; -22 words; a changed: 988 Bewertungen -> https://www.trustindex.io/reviews/www.fairbeamtet.de/lang/en -> 990 Bewertungen -> https://www.trustindex.io/reviews/www.fairbeamtet.de/lang/en","",""
"2026-09-20","https://www.fairbeamtet.de/pkv-wird-teurer-was-tun/","+50 words; -22 words; a changed: 988 Bewertungen -> https://www.trustindex.io/reviews/www.fairbeamtet.de/lang/en -> 990 Bewertungen -> https://www.trustindex.io/reviews/www.fairbeamtet.de/lang/en","",""
"2026-09-20","https://www.fairbeamtet.de/private-krankenversicherung/referendariat/","+50 words; -22 words; a changed: 988 Bewertungen -> https://www.trustindex.io/reviews/www.fairbeamtet.de/lang/en -> 990 Bewertungen -> https://www.trustindex.io/reviews/www.fairbeamtet.de/lang/en","",""
"2026-09-20","https://www.fairbeamtet.de/berufsunfaehigkeitsversicherung-psychotherapie/","+50 words; -22 words; a changed: 988 Bewertungen -> https://www.trustindex.io/reviews/www.fairbeamtet.de/lang/en -> 990 Bewertungen -> https://www.trustindex.io/reviews/www.fairbeamtet.de/lang/en","",""
"2026-09-20","https://www.fairbeamtet.de/verkaufstricks-versicherungsvermittler/","+50 words; -22 words; a changed: 988 Bewertungen -> https://www.trustindex.io/reviews/www.fairbeamtet.de/lang/en -> 990 Bewertungen -> https://www.trustindex.io/reviews/www.fairbeamtet.de/lang/en","",""
"2026-09-20","https://www.fairbeamtet.de/bu-du-denkfehler/","+50 words; -22 words; a changed: 988 Bewertungen -> https://www.trustindex.io/reviews/www.fairbeamtet.de/lang/en -> 990 Bewertungen -> https://www.trustindex.io/reviews/www.fairbeamtet.de/lang/en","",""
"2026-09-20","https://www.fairbeamtet.de/barmenia-beitragserhoehung-2020/","+50 words; -22 words; a changed: 988 Bewertungen -> https://www.trustindex.io/reviews/www.fairbeamtet.de/lang/en -> 990 Bewertungen -> https://www.trustindex.io/reviews/www.fairbeamtet.de/lang/en","",""
"2026-09-20","https://www.fairbeamtet.de/buv-duv-gesundheitsfragen/","+50 words; -22 words; a changed: 988 Bewertungen -> https://www.trustindex.io/reviews/www.fairbeamtet.de/lang/en -> 990 Bewertungen -> https://www.trustindex.io/reviews/www.fairbeamtet.de/lang/en","",""
"2026-09-20","https://www.fairbeamtet.de/private-krankenversicherung/beamtenanwaerter/","+50 words; -22 words; a changed: 988 Bewertungen -> https://www.trustindex.io/reviews/www.fairbeamtet.de/lang/en -> 990 Bewertungen -> https://www.trustindex.io/reviews/www.fairbeamtet.de/lang/en","",""
"2026-09-20","https://www.fairbeamtet.de/dienstunfaehigkeitsversicherung-beamte-sinnvoll/","+50 words; -22 words; a changed: 988 Bewertungen -> https://www.trustindex.io/reviews/www.fairbeamtet.de/lang/en -> 990 Bewertungen -> https://www.trustindex.io/reviews/www.fairbeamtet.de/lang/en","",""
"2026-09-20","https://www.fairbeamtet.de/wartezeiten-pkv/","+50 words; -22 words; a changed: 988 Bewertungen -> https://www.trustindex.io/reviews/www.fairbeamtet.de/lang/en -> 990 Bewertungen -> https://www.trustindex.io/reviews/www.fairbeamtet.de/lang/en","",""
"2026-09-20","https://www.fairbeamtet.de/private-krankenversicherung/private-zusatzversicherung/","+50 words; -22 words; a changed: 988 Bewertungen -> https://www.trustindex.io/reviews/www.fairbeamtet.de/lang/en -> 990 Bewertungen -> https://www.trustindex.io/reviews/www.fairbeamtet.de/lang/en","",""
"2026-09-20","https://www.fairbeamtet.de/10-pluspunkte-debeka-pkv/","+50 words; -22 words; a changed: 988 Bewertungen -> https://www.trustindex.io/reviews/www.fairbeamtet.de/lang/en -> 990 Bewertungen -> https://www.trustindex.io/reviews/www.fairbeamtet.de/lang/en","",""
"2026-09-20","https://www.fairbeamtet.de/dienstunfaehigkeitsversicherung-polizei/","+50 words; -22 words; a changed: 988 Bewertungen -> https://www.trustindex.io/reviews/www.fairbeamtet.de/lang/en -> 990 Bewertungen -> https://www.trustindex.io/reviews/www.fairbeamtet.de/lang/en","",""
"2026-09-20","https://www.fairbeamtet.de/anwartschaft-oder-optionstarif/","+50 words; -22 words; a changed: 988 Bewertungen -> https://www.trustindex.io/reviews/www.fairbeamtet.de/lang/en -> 990 Bewertungen -> https://www.trustindex.io/reviews/www.fairbeamtet.de/lang/en","",""
"2026-09-20","https://www.fairbeamtet.de/private-krankenversicherung/pkv-gesellschaften/","+50 words; -22 words; a changed: 988 Bewertungen -> https://www.trustindex.io/reviews/www.fairbeamtet.de/lang/en -> 990 Bewertungen -> https://www.trustindex.io/reviews/www.fairbeamtet.de/lang/en","",""
"2026-09-20","https://www.fairbeamtet.de/gesundheitsfragen/","+50 words; -22 words; a changed: 988 Bewertungen -> https://www.trustindex.io/reviews/www.fairbeamtet.de/lang/en -> 990 Bewertungen -> https://www.trustindex.io/reviews/www.fairbeamtet.de/lang/en","",""
"2026-09-20","https://www.fairbeamtet.de/debeka-dienstunfaehigkeitsversicherung/","+50 words; -22 words; a changed: 988 Bewertungen -> https://www.trustindex.io/reviews/www.fairbeamtet.de/lang/en -> 990 Bewertungen -> https://www.trustindex.io/reviews/www.fairbeamtet.de/lang/en","",""
"2026-09-20","https://www.fairbeamtet.de/private-krankenversicherung-brustimplantate/","+50 words; -22 words; a changed: 988 Bewertungen -> https://www.trustindex.io/reviews/www.fairbeamtet.de/lang/en -> 990 Bewertungen -> https://www.trustindex.io/reviews/www.fairbeamtet.de/lang/en","",""
"2026-09-20","https://www.fairbeamtet.de/pkv-empfehlung-freunde-kollegen/","+50 words; -22 words; a changed: 988 Bewertungen -> https://www.trustindex.io/reviews/www.fairbeamtet.de/lang/en -> 990 Bewertungen -> https://www.trustindex.io/reviews/www.fairbeamtet.de/lang/en","",""
"2026-09-20","https://www.fairbeamtet.de/pauschale-beihilfe/","+50 words; -22 words; a changed: 988 Bewertungen -> https://www.trustindex.io/reviews/www.fairbeamtet.de/lang/en -> 990 Bewertungen -> https://www.trustindex.io/reviews/www.fairbeamtet.de/lang/en","",""
"2026-09-20","https://www.fairbeamtet.de/private-krankenversicherung/beamte/","+50 words; -22 words; a changed: 988 Bewertungen -> https://www.trustindex.io/reviews/www.fairbeamtet.de/lang/en -> 990 Bewertungen -> https://www.trustindex.io/reviews/www.fairbeamtet.de/lang/en","",""
"2026-09-20","https://www.fairbeamtet.de/private-krankenversicherung-lehrer/","+50 words; -22 words; a changed: 988 Bewertungen -> https://www.trustindex.io/reviews/www.fairbeamtet.de/lang/en -> 990 Bewertungen -> https://www.trustindex.io/reviews/www.fairbeamtet.de/lang/en","",""
"2026-09-20","https://www.fairbeamtet.de/anwartschaft-fuer-lehramtsstudenten/","+50 words; -22 words; a changed: 988 Bewertungen -> https://www.trustindex.io/reviews/www.fairbeamtet.de/lang/en -> 990 Bewertungen -> https://www.trustindex.io/reviews/www.fairbeamtet.de/lang/en","",""
"2026-09-20","https://www.fairbeamtet.de/dienst-oder-berufsunfaehigkeitsversicherung/","+50 words; -22 words; a changed: 988 Bewertungen -> https://www.trustindex.io/reviews/www.fairbeamtet.de/lang/en -> 990 Bewertungen -> https://www.trustindex.io/reviews/www.fairbeamtet.de/lang/en","",""
"2026-09-20","https://www.fairbeamtet.de/debeka-beitragserhoehung-2025/","+50 words; -22 words; a changed: 988 Bewertungen -> https://www.trustindex.io/reviews/www.fairbeamtet.de/lang/en -> 990 Bewertungen -> https://www.trustindex.io/reviews/www.fairbeamtet.de/lang/en","",""
"2026-09-20","https://www.fairbeamtet.de/du-abschlussmodelle/","+50 words; -22 words; a changed: 988 Bewertungen -> https://www.trustindex.io/reviews/www.fairbeamtet.de/lang/en -> 990 Bewertungen -> https://www.trustindex.io/reviews/www.fairbeamtet.de/lang/en","",""
"2026-09-20","https://www.fairbeamtet.de/5-tipps-pkv-vergleich/","+50 words; -22 words; a changed: 988 Bewertungen -> https://www.trustindex.io/reviews/www.fairbeamtet.de/lang/en -> 990 Bewertungen -> https://www.trustindex.io/reviews/www.fairbeamtet.de/lang/en","",""
"2026-09-20","https://www.fairbeamtet.de/debeka-dbv-oder-huk/","+50 words; -22 words; a changed: 988 Bewertungen -> https://www.trustindex.io/reviews/www.fairbeamtet.de/lang/en -> 990 Bewertungen -> https://www.trustindex.io/reviews/www.fairbeamtet.de/lang/en","",""
"2026-09-20","https://www.fairbeamtet.de/amtsaerztliche-untersuchung/","+50 words; -22 words; a changed: 988 Bewertungen -> https://www.trustindex.io/reviews/www.fairbeamtet.de/lang/en -> 990 Bewertungen -> https://www.trustindex.io/reviews/www.fairbeamtet.de/lang/en","",""
"2026-09-20","https://www.fairbeamtet.de/pkv-beratung-3-berater-3-meinungen/","+50 words; -22 words; a changed: 988 Bewertungen -> https://www.trustindex.io/reviews/www.fairbeamtet.de/lang/en -> 990 Bewertungen -> https://www.trustindex.io/reviews/www.fairbeamtet.de/lang/en","",""
"2026-09-20","https://www.fairbeamtet.de/private-krankenversicherung-mit-corona/","+50 words; -22 words; a changed: 988 Bewertungen -> https://www.trustindex.io/reviews/www.fairbeamtet.de/lang/en -> 990 Bewertungen -> https://www.trustindex.io/reviews/www.fairbeamtet.de/lang/en","",""
"2026-09-20","https://www.fairbeamtet.de/berufsunfaehigkeitsversicherung-mit-hashimoto/","+50 words; -22 words; a changed: 988 Bewertungen -> https://www.trustindex.io/reviews/www.fairbeamtet.de/lang/en -> 990 Bewertungen -> https://www.trustindex.io/reviews/www.fairbeamtet.de/lang/en","",""
"2026-09-20","https://www.fairbeamtet.de/guenstige-pkv-fluch-billige-beitraege/","+50 words; -22 words; a changed: 988 Bewertungen -> https://www.trustindex.io/reviews/www.fairbeamtet.de/lang/en -> 990 Bewertungen -> https://www.trustindex.io/reviews/www.fairbeamtet.de/lang/en","",""
"2026-09-20","https://www.fairbeamtet.de/concordia-pkv-beitragserhoehung-2020/","+50 words; -22 words; a changed: 988 Bewertungen -> https://www.trustindex.io/reviews/www.fairbeamtet.de/lang/en -> 990 Bewertungen -> https://www.trustindex.io/reviews/www.fairbeamtet.de/lang/en","",""
"2026-09-20","https://www.fairbeamtet.de/berufsunfaehigkeitsversicherung/","+50 words; -22 words; a changed: 988 Bewertungen -> https://www.trustindex.io/reviews/www.fairbeamtet.de/lang/en -> 990 Bewertungen -> https://www.trustindex.io/reviews/www.fairbeamtet.de/lang/en","",""
"2026-09-20","https://www.fairbeamtet.de/pkv-beratung-kinder/","+50 words; -22 words; a changed: 988 Bewertungen -> https://www.trustindex.io/reviews/www.fairbeamtet.de/lang/en -> 990 Bewertungen -> https://www.trustindex.io/reviews/www.fairbeamtet.de/lang/en","",""
"2026-09-20","https://www.fairbeamtet.de/pkv-zahlt-lasik-op/","+50 words; -22 words; a changed: 988 Bewertungen -> https://www.trustindex.io/reviews/www.fairbeamtet.de/lang/en -> 990 Bewertungen -> https://www.trustindex.io/reviews/www.fairbeamtet.de/lang/en","",""
"2026-09-20","https://www.fairbeamtet.de/11-fatale-fehler-abschluss-pkv/","+50 words; -22 words; a changed: 988 Bewertungen -> https://www.trustindex.io/reviews/www.fairbeamtet.de/lang/en -> 990 Bewertungen -> https://www.trustindex.io/reviews/www.fairbeamtet.de/lang/en","",""
"2026-09-20","https://www.fairbeamtet.de/service/","+50 words; -22 words; a changed: 988 Bewertungen -> https://www.trustindex.io/reviews/www.fairbeamtet.de/lang/en -> 990 Bewertungen -> https://www.trustindex.io/reviews/www.fairbeamtet.de/lang/en","",""
"2026-09-20","https://www.fairbeamtet.de/beitragsentwicklung-pkv-gkv-beamte/","+50 words; -22 words; a changed: 988 Bewertungen -> https://www.trustindex.io/reviews/www.fairbeamtet.de/lang/en -> 990 Bewertungen -> https://www.trustindex.io/reviews/www.fairbeamtet.de/lang/en","",""
"2026-09-20","https://www.fairbeamtet.de/finanztest-2019-pkv/","+50 words; -22 words; a changed: 988 Bewertungen -> https://www.trustindex.io/reviews/www.fairbeamtet.de/lang/en -> 990 Bewertungen -> https://www.trustindex.io/reviews/www.fairbeamtet.de/lang/en","",""
"2026-09-20","https://www.fairbeamtet.de/private-krankenversicherung-mit-hashimoto/","+50 words; -22 words; a changed: 988 Bewertungen -> https://www.trustindex.io/reviews/www.fairbeamtet.de/lang/en -> 990 Bewertungen -> https://www.trustindex.io/reviews/www.fairbeamtet.de/lang/en","",""
"2026-09-20","https://www.fairbeamtet.de/bu-unfallversicherung/","+50 words; -22 words; a changed: 988 Bewertungen -> https://www.trustindex.io/reviews/www.fairbeamtet.de/lang/en -> 990 Bewertungen -> https://www.trustindex.io/reviews/www.fairbeamtet.de/lang/en","",""
"2026-09-20","https://www.fairbeamtet.de/berufsunfaehigkeitsversicherung-mit-migraene/","+50 words; -22 words; a changed: 988 Bewertungen -> https://www.trustindex.io/reviews/www.fairbeamtet.de/lang/en -> 990 Bewertungen -> https://www.trustindex.io/reviews/www.fairbeamtet.de/lang/en","",""
"2026-09-20","https://www.fairbeamtet.de/vorvertragliche-anzeigepflicht/","+50 words; -22 words; a changed: 988 Bewertungen -> https://www.trustindex.io/reviews/www.fairbeamtet.de/lang/en -> 990 Bewertungen -> https://www.trustindex.io/reviews/www.fairbeamtet.de/lang/en","",""
"2026-09-20","https://www.fairbeamtet.de/berufsunfaehigkeitsversicherung-lehrer/","+50 words; -22 words; a changed: 988 Bewertungen -> https://www.trustindex.io/reviews/www.fairbeamtet.de/lang/en -> 990 Bewertungen -> https://www.trustindex.io/reviews/www.fairbeamtet.de/lang/en","",""
"2026-09-20","https://www.fairbeamtet.de/pkv-test-barmenia-tarife-beamte/","+50 words; -22 words; a changed: 988 Bewertungen -> https://www.trustindex.io/reviews/www.fairbeamtet.de/lang/en -> 990 Bewertungen -> https://www.trustindex.io/reviews/www.fairbeamtet.de/lang/en","",""
"2026-09-20","https://www.fairbeamtet.de/service/online-beratung/","+104 words; -144 words","",""
"2026-09-16","https://www.fairbeamtet.de/kind-pkv-versichern/","+9 words; -9 words","",""
"2026-09-16","https://www.fairbeamtet.de/beitragsrueckerstattung-debeka/","+9 words; -9 words","",""
"2026-09-16","https://www.fairbeamtet.de/debeka-private-krankenversicherung-beamte-test/","+9 words; -9 words","",""
"2026-09-16","https://www.fairbeamtet.de/","+9 words; -9 words","",""
"2026-09-16","https://www.fairbeamtet.de/pkv-beitragsanpassung-2025/","+9 words; -9 words","",""
"2026-09-16","https://www.fairbeamtet.de/service/online-beratung/","+18 words; -18 words","",""
"2026-09-16","https://www.fairbeamtet.de/stiftung-warentest-pkv-test-beamte-2025/","+7 words; -7 words","",""
"2026-09-16","https://www.fairbeamtet.de/privatpatient-in-der-pkv/","+7 words; -7 words","",""
"2026-09-16","https://www.fairbeamtet.de/berater-vor-ort/","+7 words; -7 words","",""
"2026-09-16","https://www.fairbeamtet.de/private-krankenversicherung-mit-heuschnupfen/","+7 words; -7 words","",""
"2026-09-16","https://www.fairbeamtet.de/debeka-dbv-oder-huk/","+7 words; -7 words","",""
"2026-09-16","https://www.fairbeamtet.de/10-pluspunkte-debeka-pkv/","+7 words; -7 words","",""
"2026-09-16","https://www.fairbeamtet.de/barmenia-beitragserhoehung-2020/","+7 words; -7 words","",""
"2026-09-16","https://www.fairbeamtet.de/gesundheitsfragen/","+7 words; -7 words","",""
"2026-09-16","https://www.fairbeamtet.de/private-krankenversicherung-mit-corona/","+7 words; -7 words","",""
"2026-09-16","https://www.fairbeamtet.de/du-abschlussmodelle/","+7 words; -7 words","",""
"2026-09-16","https://www.fairbeamtet.de/private-krankenversicherung-lehrer/","+7 words; -7 words","",""
"2026-09-16","https://www.fairbeamtet.de/berufsunfaehigkeitsversicherung/","+7 words; -7 words","",""
"2026-09-16","https://www.fairbeamtet.de/finanztest-2019-pkv/","+7 words; -7 words","",""
"2026-09-16","https://www.fairbeamtet.de/billige-pkv/","+7 words; -7 words","",""
"2026-09-16","https://www.fairbeamtet.de/jahresarbeitsentgeltgrenze/","+7 words; -7 words","",""
"2026-09-16","https://www.fairbeamtet.de/pauschale-beihilfe/","+7 words; -7 words","",""
"2026-09-16","https://www.fairbeamtet.de/bu-rechtsschutz/","+7 words; -7 words","",""
"2026-09-16","https://www.fairbeamtet.de/pkv-test-barmenia-tarife-beamte/","+7 words; -7 words","",""
"2026-09-16","https://www.fairbeamtet.de/pkv-empfehlung-freunde-kollegen/","+7 words; -7 words","",""
"2026-09-16","https://www.fairbeamtet.de/berufsunfaehigkeitsversicherung-uebergewicht/","+7 words; -7 words","",""
"2026-09-16","https://www.fairbeamtet.de/anwartschaft-oder-optionstarif/","+7 words; -7 words","",""
"2026-09-16","https://www.fairbeamtet.de/bu-unfallversicherung/","+7 words; -7 words","",""
"2026-09-16","https://www.fairbeamtet.de/buv-duv-gesundheitsfragen/","+7 words; -7 words","",""
"2026-09-16","https://www.fairbeamtet.de/private-krankenversicherung/beamtenanwaerter/","+7 words; -7 words","",""
"2026-09-16","https://www.fairbeamtet.de/exmatrikulation-referendariat-pkv/","+7 words; -7 words","",""
"2026-09-16","https://www.fairbeamtet.de/private-krankenversicherung-mit-uebergewicht/","+7 words; -7 words","",""
"2026-09-16","https://www.fairbeamtet.de/concordia-pkv-beitragserhoehung-2020/","+7 words; -7 words","",""
"2026-09-16","https://www.fairbeamtet.de/private-krankenversicherung/referendariat/","+7 words; -7 words","",""
"2026-09-16","https://www.fairbeamtet.de/debeka-oder-dbv-pkv-beamte-vergleich/","+7 words; -7 words","",""
"2026-09-16","https://www.fairbeamtet.de/wartezeiten-pkv/","+7 words; -7 words","",""
"2026-09-16","https://www.fairbeamtet.de/berufsunfaehigkeitsversicherung-mit-tinnitus/","+7 words; -7 words","",""
"2026-09-16","https://www.fairbeamtet.de/debeka-beitragserhoehung-2021/","+7 words; -7 words","",""
"2026-09-16","https://www.fairbeamtet.de/unterschiede-pkv-und-gkv/","+7 words; -7 words","",""
"2026-09-16","https://www.fairbeamtet.de/private-krankenversicherung-brustimplantate/","+7 words; -7 words","",""
"2026-09-16","https://www.fairbeamtet.de/kindergeld-fuer-beamte/","+7 words; -7 words","",""
"2026-09-16","https://www.fairbeamtet.de/beamte-kinder-gkv-oder-pkv-versichern/","+7 words; -7 words","",""
"2026-09-16","https://www.fairbeamtet.de/pkv-wird-teurer-was-tun/","+7 words; -7 words","",""
"2026-09-16","https://www.fairbeamtet.de/service/","+7 words; -7 words","",""
"2026-09-16","https://www.fairbeamtet.de/debeka-beitragserhoehung-2025/","+7 words; -7 words","",""
"2026-09-16","https://www.fairbeamtet.de/vorvertragliche-anzeigepflicht/","+7 words; -7 words","",""
"2026-09-16","https://www.fairbeamtet.de/berufsunfaehigkeitsversicherung-lehrer/","+7 words; -7 words","",""
"2026-09-16","https://www.fairbeamtet.de/private-krankenversicherung/","+7 words; -7 words","",""
"2026-09-16","https://www.fairbeamtet.de/nachmeldepflicht/","+7 words; -7 words","",""
"2026-09-16","https://www.fairbeamtet.de/pkv-tarife-vergreisen-stimmt-das/","+7 words; -7 words","",""
"2026-09-16","https://www.fairbeamtet.de/berufsunfaehigkeitsversicherung-mit-migraene/","+7 words; -7 words","",""
"2026-09-16","https://www.fairbeamtet.de/11-fatale-fehler-abschluss-pkv/","+7 words; -7 words","",""
"2026-09-16","https://www.fairbeamtet.de/pkv-zahlt-lasik-op/","+7 words; -7 words","",""
"2026-09-16","https://www.fairbeamtet.de/private-krankenversicherung-mit-asthma/","+7 words; -7 words","",""
"2026-09-16","https://www.fairbeamtet.de/familienzuschlag-fuer-beamte/","+7 words; -7 words","",""
"2026-09-16","https://www.fairbeamtet.de/beitragsentwicklung-pkv-gkv-beamte/","+7 words; -7 words","",""
"2026-09-16","https://www.fairbeamtet.de/pkv-beratung-kinder/","+7 words; -7 words","",""
"2026-09-16","https://www.fairbeamtet.de/amtsaerztliche-untersuchung/","+7 words; -7 words","",""
"2026-09-16","https://www.fairbeamtet.de/guenstige-pkv-fluch-billige-beitraege/","+7 words; -7 words","",""
"2026-09-16","https://www.fairbeamtet.de/private-krankenversicherung-mit-migraene/","+7 words; -7 words","",""
"2026-09-16","https://www.fairbeamtet.de/beste-pkv-deutschland/","+7 words; -7 words","",""
"2026-09-16","https://www.fairbeamtet.de/berufsunfaehigkeitsversicherung-mit-hashimoto/","+7 words; -7 words","",""
"2026-09-16","https://www.fairbeamtet.de/alte-oldenburger-pkv-test-beamte/","+7 words; -7 words","",""
"2026-09-16","https://www.fairbeamtet.de/pkv-beratung-3-berater-3-meinungen/","+7 words; -7 words","",""
"2026-09-16","https://www.fairbeamtet.de/guenstige-pkv/","+7 words; -7 words","",""
"2026-09-16","https://www.fairbeamtet.de/5-tipps-pkv-vergleich/","+7 words; -7 words","",""
"2026-09-16","https://www.fairbeamtet.de/chefarztbehandlung-wahlleistungen/","+7 words; -7 words","",""
"2026-09-16","https://www.fairbeamtet.de/beihilfefristen-in-der-pkv/","+7 words; -7 words","",""
"2026-09-16","https://www.fairbeamtet.de/anwartschaft-fuer-lehramtsstudenten/","+7 words; -7 words","",""
"2026-09-16","https://www.fairbeamtet.de/private-krankenversicherung/beamte/","+7 words; -7 words","",""
"2026-09-16","https://www.fairbeamtet.de/billige-pkv-dreisste-lockangebote-internet/","+7 words; -7 words","",""
"2026-09-16","https://www.fairbeamtet.de/berufsunfaehigkeitsversicherung-cannabis/","+7 words; -7 words","",""
"2026-09-16","https://www.fairbeamtet.de/private-krankenversicherung-mit-hashimoto/","+7 words; -7 words","",""
"2026-09-16","https://www.fairbeamtet.de/debeka-dienstunfaehigkeitsversicherung/","+7 words; -7 words","",""
"2026-09-16","https://www.fairbeamtet.de/berufsunfaehigkeitsversicherung-mit-morbus-crohn/","+7 words; -7 words","",""
"2026-09-16","https://www.fairbeamtet.de/sonderklauseln-du-versicherung/","+7 words; -7 words","",""
"2026-09-16","https://www.fairbeamtet.de/private-krankenversicherung/pkv-gesellschaften/","+7 words; -7 words","",""
"2026-09-16","https://www.fairbeamtet.de/gefaehrliche-hobbys/","+7 words; -7 words","",""
"2026-09-16","https://www.fairbeamtet.de/dienstunfaehigkeitsversicherung-polizei/","+7 words; -7 words","",""
"2026-09-16","https://www.fairbeamtet.de/berufsunfaehigkeitsversicherung-psychotherapie/","+7 words; -7 words","",""
"2026-09-16","https://www.fairbeamtet.de/verkaufstricks-versicherungsvermittler/","+7 words; -7 words","",""
"2026-09-16","https://www.fairbeamtet.de/dienst-oder-berufsunfaehigkeitsversicherung/","+7 words; -7 words","",""
"2026-09-16","https://www.fairbeamtet.de/private-krankenversicherung/private-zusatzversicherung/","+7 words; -7 words","",""
"2026-09-16","https://www.fairbeamtet.de/dienstunfaehigkeitsversicherung-beamte-sinnvoll/","+7 words; -7 words","",""
"2026-09-16","https://www.fairbeamtet.de/bu-du-denkfehler/","+7 words; -7 words","",""
"2026-09-16","https://www.fairbeamtet.de/sven-hoehne-pkv-experte-fairbeamtet/","+10 words; -10 words","",""
"2026-09-12","https://www.fairbeamtet.de/service/online-beratung/","+18 words; -18 words","",""
"2026-09-12","https://www.fairbeamtet.de/sven-hoehne-pkv-experte-fairbeamtet/","+10 words; -10 words","",""
"2026-09-12","https://www.fairbeamtet.de/berufsunfaehigkeitsversicherung-mit-asthma/","+8 words; -8 words; a changed: 998 Bewertungen -> https://www.trustindex.io/reviews/www.fairbeamtet.de/lang/en -> 988 Bewertungen -> https://www.trustindex.io/reviews/www.fairbeamtet.de/lang/en","",""
"2026-09-12","https://www.fairbeamtet.de/private-krankenversicherung-mit-hashimoto/","+8 words; -8 words; a changed: 998 Bewertungen -> https://www.trustindex.io/reviews/www.fairbeamtet.de/lang/en -> 988 Bewertungen -> https://www.trustindex.io/reviews/www.fairbeamtet.de/lang/en","",""
"2026-09-12","https://www.fairbeamtet.de/gefaehrliche-hobbys/","+8 words; -8 words; a changed: 998 Bewertungen -> https://www.trustindex.io/reviews/www.fairbeamtet.de/lang/en -> 988 Bewertungen -> https://www.trustindex.io/reviews/www.fairbeamtet.de/lang/en","",""
"2026-09-12","https://www.fairbeamtet.de/dienst-oder-berufsunfaehigkeitsversicherung/","+8 words; -8 words; a changed: 998 Bewertungen -> https://www.trustindex.io/reviews/www.fairbeamtet.de/lang/en -> 988 Bewertungen -> https://www.trustindex.io/reviews/www.fairbeamtet.de/lang/en","",""
"2026-09-12","https://www.fairbeamtet.de/kind-pkv-versichern/","+8 words; -8 words; a changed: 998 Bewertungen -> https://www.trustindex.io/reviews/www.fairbeamtet.de/lang/en -> 988 Bewertungen -> https://www.trustindex.io/reviews/www.fairbeamtet.de/lang/en","",""
"2026-09-12","https://www.fairbeamtet.de/billige-pkv-dreisste-lockangebote-internet/","+8 words; -8 words; a changed: 998 Bewertungen -> https://www.trustindex.io/reviews/www.fairbeamtet.de/lang/en -> 988 Bewertungen -> https://www.trustindex.io/reviews/www.fairbeamtet.de/lang/en","",""
"2026-09-12","https://www.fairbeamtet.de/beitragsentwicklung-pkv-gkv-beamte/","+8 words; -8 words; a changed: 998 Bewertungen -> https://www.trustindex.io/reviews/www.fairbeamtet.de/lang/en -> 988 Bewertungen -> https://www.trustindex.io/reviews/www.fairbeamtet.de/lang/en","",""
"2026-09-12","https://www.fairbeamtet.de/guenstige-pkv/","+8 words; -8 words; a changed: 998 Bewertungen -> https://www.trustindex.io/reviews/www.fairbeamtet.de/lang/en -> 988 Bewertungen -> https://www.trustindex.io/reviews/www.fairbeamtet.de/lang/en","",""
"2026-09-12","https://www.fairbeamtet.de/service/","+8 words; -8 words; a changed: 998 Bewertungen -> https://www.trustindex.io/reviews/www.fairbeamtet.de/lang/en -> 988 Bewertungen -> https://www.trustindex.io/reviews/www.fairbeamtet.de/lang/en","",""
"2026-09-12","https://www.fairbeamtet.de/billige-pkv/","+8 words; -8 words; a changed: 998 Bewertungen -> https://www.trustindex.io/reviews/www.fairbeamtet.de/lang/en -> 988 Bewertungen -> https://www.trustindex.io/reviews/www.fairbeamtet.de/lang/en","",""
"2026-09-12","https://www.fairbeamtet.de/debeka-dbv-oder-huk/","+8 words; -8 words; a changed: 998 Bewertungen -> https://www.trustindex.io/reviews/www.fairbeamtet.de/lang/en -> 988 Bewertungen -> https://www.trustindex.io/reviews/www.fairbeamtet.de/lang/en","",""
"2026-09-12","https://www.fairbeamtet.de/private-krankenversicherung-lehrer/","+8 words; -8 words; a changed: 998 Bewertungen -> https://www.trustindex.io/reviews/www.fairbeamtet.de/lang/en -> 988 Bewertungen -> https://www.trustindex.io/reviews/www.fairbeamtet.de/lang/en","",""
"2026-09-12","https://www.fairbeamtet.de/du-abschlussmodelle/","+8 words; -8 words; a changed: 998 Bewertungen -> https://www.trustindex.io/reviews/www.fairbeamtet.de/lang/en -> 988 Bewertungen -> https://www.trustindex.io/reviews/www.fairbeamtet.de/lang/en","",""
"2026-09-12","https://www.fairbeamtet.de/private-krankenversicherung-brustimplantate/","+8 words; -8 words; a changed: 998 Bewertungen -> https://www.trustindex.io/reviews/www.fairbeamtet.de/lang/en -> 988 Bewertungen -> https://www.trustindex.io/reviews/www.fairbeamtet.de/lang/en","",""
"2026-09-12","https://www.fairbeamtet.de/bu-rechtsschutz/","+8 words; -8 words; a changed: 998 Bewertungen -> https://www.trustindex.io/reviews/www.fairbeamtet.de/lang/en -> 988 Bewertungen -> https://www.trustindex.io/reviews/www.fairbeamtet.de/lang/en","",""
"2026-09-12","https://www.fairbeamtet.de/pauschale-beihilfe/","+8 words; -8 words; a changed: 998 Bewertungen -> https://www.trustindex.io/reviews/www.fairbeamtet.de/lang/en -> 988 Bewertungen -> https://www.trustindex.io/reviews/www.fairbeamtet.de/lang/en","",""
"2026-09-12","https://www.fairbeamtet.de/anwartschaft-oder-optionstarif/","+8 words; -8 words; a changed: 998 Bewertungen -> https://www.trustindex.io/reviews/www.fairbeamtet.de/lang/en -> 988 Bewertungen -> https://www.trustindex.io/reviews/www.fairbeamtet.de/lang/en","",""
"2026-09-12","https://www.fairbeamtet.de/buv-duv-gesundheitsfragen/","+8 words; -8 words; a changed: 998 Bewertungen -> https://www.trustindex.io/reviews/www.fairbeamtet.de/lang/en -> 988 Bewertungen -> https://www.trustindex.io/reviews/www.fairbeamtet.de/lang/en","",""
"2026-09-12","https://www.fairbeamtet.de/debeka-oder-dbv-pkv-beamte-vergleich/","+8 words; -8 words; a changed: 998 Bewertungen -> https://www.trustindex.io/reviews/www.fairbeamtet.de/lang/en -> 988 Bewertungen -> https://www.trustindex.io/reviews/www.fairbeamtet.de/lang/en","",""
"2026-09-12","https://www.fairbeamtet.de/exmatrikulation-referendariat-pkv/","+8 words; -8 words; a changed: 998 Bewertungen -> https://www.trustindex.io/reviews/www.fairbeamtet.de/lang/en -> 988 Bewertungen -> https://www.trustindex.io/reviews/www.fairbeamtet.de/lang/en","",""
"2026-09-12","https://www.fairbeamtet.de/wartezeiten-pkv/","+8 words; -8 words; a changed: 998 Bewertungen -> https://www.trustindex.io/reviews/www.fairbeamtet.de/lang/en -> 988 Bewertungen -> https://www.trustindex.io/reviews/www.fairbeamtet.de/lang/en","",""
"2026-09-12","https://www.fairbeamtet.de/private-krankenversicherung/referendariat/","+8 words; -8 words; a changed: 998 Bewertungen -> https://www.trustindex.io/reviews/www.fairbeamtet.de/lang/en -> 988 Bewertungen -> https://www.trustindex.io/reviews/www.fairbeamtet.de/lang/en","",""
"2026-09-12","https://www.fairbeamtet.de/beamte-kinder-gkv-oder-pkv-versichern/","+8 words; -8 words; a changed: 998 Bewertungen -> https://www.trustindex.io/reviews/www.fairbeamtet.de/lang/en -> 988 Bewertungen -> https://www.trustindex.io/reviews/www.fairbeamtet.de/lang/en","",""
"2026-09-12","https://www.fairbeamtet.de/private-krankenversicherung/","+8 words; -8 words; a changed: 998 Bewertungen -> https://www.trustindex.io/reviews/www.fairbeamtet.de/lang/en -> 988 Bewertungen -> https://www.trustindex.io/reviews/www.fairbeamtet.de/lang/en","",""
"2026-09-12","https://www.fairbeamtet.de/nachmeldepflicht/","+8 words; -8 words; a changed: 998 Bewertungen -> https://www.trustindex.io/reviews/www.fairbeamtet.de/lang/en -> 988 Bewertungen -> https://www.trustindex.io/reviews/www.fairbeamtet.de/lang/en","",""
"2026-09-12","https://www.fairbeamtet.de/familienzuschlag-fuer-beamte/","+8 words; -8 words; a changed: 998 Bewertungen -> https://www.trustindex.io/reviews/www.fairbeamtet.de/lang/en -> 988 Bewertungen -> https://www.trustindex.io/reviews/www.fairbeamtet.de/lang/en","",""
"2026-09-12","https://www.fairbeamtet.de/private-krankenversicherung-mit-asthma/","+8 words; -8 words; a changed: 998 Bewertungen -> https://www.trustindex.io/reviews/www.fairbeamtet.de/lang/en -> 988 Bewertungen -> https://www.trustindex.io/reviews/www.fairbeamtet.de/lang/en","",""
"2026-09-12","https://www.fairbeamtet.de/beste-pkv-deutschland/","+8 words; -8 words; a changed: 998 Bewertungen -> https://www.trustindex.io/reviews/www.fairbeamtet.de/lang/en -> 988 Bewertungen -> https://www.trustindex.io/reviews/www.fairbeamtet.de/lang/en","",""
"2026-09-12","https://www.fairbeamtet.de/private-krankenversicherung-mit-migraene/","+8 words; -8 words; a changed: 998 Bewertungen -> https://www.trustindex.io/reviews/www.fairbeamtet.de/lang/en -> 988 Bewertungen -> https://www.trustindex.io/reviews/www.fairbeamtet.de/lang/en","",""
"2026-09-12","https://www.fairbeamtet.de/alte-oldenburger-pkv-test-beamte/","+8 words; -8 words; a changed: 998 Bewertungen -> https://www.trustindex.io/reviews/www.fairbeamtet.de/lang/en -> 988 Bewertungen -> https://www.trustindex.io/reviews/www.fairbeamtet.de/lang/en","",""
"2026-09-12","https://www.fairbeamtet.de/stiftung-warentest-pkv-test-beamte-2025/","+8 words; -8 words; a changed: 998 Bewertungen -> https://www.trustindex.io/reviews/www.fairbeamtet.de/lang/en -> 988 Bewertungen -> https://www.trustindex.io/reviews/www.fairbeamtet.de/lang/en","",""
"2026-09-12","https://www.fairbeamtet.de/privatpatient-in-der-pkv/","+8 words; -8 words; a changed: 998 Bewertungen -> https://www.trustindex.io/reviews/www.fairbeamtet.de/lang/en -> 988 Bewertungen -> https://www.trustindex.io/reviews/www.fairbeamtet.de/lang/en","",""
"2026-09-12","https://www.fairbeamtet.de/chefarztbehandlung-wahlleistungen/","+8 words; -8 words; a changed: 998 Bewertungen -> https://www.trustindex.io/reviews/www.fairbeamtet.de/lang/en -> 988 Bewertungen -> https://www.trustindex.io/reviews/www.fairbeamtet.de/lang/en","",""
"2026-09-12","https://www.fairbeamtet.de/beihilfefristen-in-der-pkv/","+8 words; -8 words; a changed: 998 Bewertungen -> https://www.trustindex.io/reviews/www.fairbeamtet.de/lang/en -> 988 Bewertungen -> https://www.trustindex.io/reviews/www.fairbeamtet.de/lang/en","",""
"2026-09-12","https://www.fairbeamtet.de/berufsunfaehigkeitsversicherung-cannabis/","+8 words; -8 words; a changed: 998 Bewertungen -> https://www.trustindex.io/reviews/www.fairbeamtet.de/lang/en -> 988 Bewertungen -> https://www.trustindex.io/reviews/www.fairbeamtet.de/lang/en","",""
"2026-09-12","https://www.fairbeamtet.de/berufsunfaehigkeitsversicherung-mit-morbus-crohn/","+8 words; -8 words; a changed: 998 Bewertungen -> https://www.trustindex.io/reviews/www.fairbeamtet.de/lang/en -> 988 Bewertungen -> https://www.trustindex.io/reviews/www.fairbeamtet.de/lang/en","",""
"2026-09-12","https://www.fairbeamtet.de/private-krankenversicherung-mit-heuschnupfen/","+8 words; -8 words; a changed: 998 Bewertungen -> https://www.trustindex.io/reviews/www.fairbeamtet.de/lang/en -> 988 Bewertungen -> https://www.trustindex.io/reviews/www.fairbeamtet.de/lang/en","",""
"2026-09-12","https://www.fairbeamtet.de/berater-vor-ort/","+8 words; -8 words; a changed: 998 Bewertungen -> https://www.trustindex.io/reviews/www.fairbeamtet.de/lang/en -> 988 Bewertungen -> https://www.trustindex.io/reviews/www.fairbeamtet.de/lang/en","",""
"2026-09-12","https://www.fairbeamtet.de/sonderklauseln-du-versicherung/","+8 words; -8 words; a changed: 998 Bewertungen -> https://www.trustindex.io/reviews/www.fairbeamtet.de/lang/en -> 988 Bewertungen -> https://www.trustindex.io/reviews/www.fairbeamtet.de/lang/en","",""
"2026-09-12","https://www.fairbeamtet.de/verkaufstricks-versicherungsvermittler/","+8 words; -8 words; a changed: 998 Bewertungen -> https://www.trustindex.io/reviews/www.fairbeamtet.de/lang/en -> 988 Bewertungen -> https://www.trustindex.io/reviews/www.fairbeamtet.de/lang/en","",""
"2026-09-12","https://www.fairbeamtet.de/berufsunfaehigkeitsversicherung-psychotherapie/","+8 words; -8 words; a changed: 998 Bewertungen -> https://www.trustindex.io/reviews/www.fairbeamtet.de/lang/en -> 988 Bewertungen -> https://www.trustindex.io/reviews/www.fairbeamtet.de/lang/en","",""
"2026-09-12","https://www.fairbeamtet.de/bu-du-denkfehler/","+8 words; -8 words; a changed: 998 Bewertungen -> https://www.trustindex.io/reviews/www.fairbeamtet.de/lang/en -> 988 Bewertungen -> https://www.trustindex.io/reviews/www.fairbeamtet.de/lang/en","",""
"2026-09-12","https://www.fairbeamtet.de/10-pluspunkte-debeka-pkv/","+8 words; -8 words; a changed: 998 Bewertungen -> https://www.trustindex.io/reviews/www.fairbeamtet.de/lang/en -> 988 Bewertungen -> https://www.trustindex.io/reviews/www.fairbeamtet.de/lang/en","",""
"2026-09-12","https://www.fairbeamtet.de/dienstunfaehigkeitsversicherung-beamte-sinnvoll/","+8 words; -8 words; a changed: 998 Bewertungen -> https://www.trustindex.io/reviews/www.fairbeamtet.de/lang/en -> 988 Bewertungen -> https://www.trustindex.io/reviews/www.fairbeamtet.de/lang/en","",""
"2026-09-12","https://www.fairbeamtet.de/private-krankenversicherung/private-zusatzversicherung/","+8 words; -8 words; a changed: 998 Bewertungen -> https://www.trustindex.io/reviews/www.fairbeamtet.de/lang/en -> 988 Bewertungen -> https://www.trustindex.io/reviews/www.fairbeamtet.de/lang/en","",""
"2026-09-12","https://www.fairbeamtet.de/barmenia-beitragserhoehung-2020/","+8 words; -8 words; a changed: 998 Bewertungen -> https://www.trustindex.io/reviews/www.fairbeamtet.de/lang/en -> 988 Bewertungen -> https://www.trustindex.io/reviews/www.fairbeamtet.de/lang/en","",""
"2026-09-12","https://www.fairbeamtet.de/dienstunfaehigkeitsversicherung-polizei/","+8 words; -8 words; a changed: 998 Bewertungen -> https://www.trustindex.io/reviews/www.fairbeamtet.de/lang/en -> 988 Bewertungen -> https://www.trustindex.io/reviews/www.fairbeamtet.de/lang/en","",""
"2026-09-12","https://www.fairbeamtet.de/private-krankenversicherung/pkv-gesellschaften/","+8 words; -8 words; a changed: 998 Bewertungen -> https://www.trustindex.io/reviews/www.fairbeamtet.de/lang/en -> 988 Bewertungen -> https://www.trustindex.io/reviews/www.fairbeamtet.de/lang/en","",""
"2026-09-12","https://www.fairbeamtet.de/gesundheitsfragen/","+8 words; -8 words; a changed: 998 Bewertungen -> https://www.trustindex.io/reviews/www.fairbeamtet.de/lang/en -> 988 Bewertungen -> https://www.trustindex.io/reviews/www.fairbeamtet.de/lang/en","",""
"2026-09-12","https://www.fairbeamtet.de/debeka-dienstunfaehigkeitsversicherung/","+8 words; -8 words; a changed: 998 Bewertungen -> https://www.trustindex.io/reviews/www.fairbeamtet.de/lang/en -> 988 Bewertungen -> https://www.trustindex.io/reviews/www.fairbeamtet.de/lang/en","",""
"2026-09-12","https://www.fairbeamtet.de/pkv-beitragsanpassung-2025/","+8 words; -8 words; a changed: 998 Bewertungen -> https://www.trustindex.io/reviews/www.fairbeamtet.de/lang/en -> 988 Bewertungen -> https://www.trustindex.io/reviews/www.fairbeamtet.de/lang/en","",""
"2026-09-12","https://www.fairbeamtet.de/anwartschaft-fuer-lehramtsstudenten/","+8 words; -8 words; a changed: 998 Bewertungen -> https://www.trustindex.io/reviews/www.fairbeamtet.de/lang/en -> 988 Bewertungen -> https://www.trustindex.io/reviews/www.fairbeamtet.de/lang/en","",""
"2026-09-12","https://www.fairbeamtet.de/debeka-private-krankenversicherung-beamte-test/","+8 words; -8 words; a changed: 998 Bewertungen -> https://www.trustindex.io/reviews/www.fairbeamtet.de/lang/en -> 988 Bewertungen -> https://www.trustindex.io/reviews/www.fairbeamtet.de/lang/en","",""
"2026-09-12","https://www.fairbeamtet.de/5-tipps-pkv-vergleich/","+8 words; -8 words; a changed: 998 Bewertungen -> https://www.trustindex.io/reviews/www.fairbeamtet.de/lang/en -> 988 Bewertungen -> https://www.trustindex.io/reviews/www.fairbeamtet.de/lang/en","",""
"2026-09-12","https://www.fairbeamtet.de/private-krankenversicherung-mit-corona/","+8 words; -8 words; a changed: 998 Bewertungen -> https://www.trustindex.io/reviews/www.fairbeamtet.de/lang/en -> 988 Bewertungen -> https://www.trustindex.io/reviews/www.fairbeamtet.de/lang/en","",""
"2026-09-12","https://www.fairbeamtet.de/berufsunfaehigkeitsversicherung-mit-hashimoto/","+8 words; -8 words; a changed: 998 Bewertungen -> https://www.trustindex.io/reviews/www.fairbeamtet.de/lang/en -> 988 Bewertungen -> https://www.trustindex.io/reviews/www.fairbeamtet.de/lang/en","",""
"2026-09-12","https://www.fairbeamtet.de/pkv-beratung-3-berater-3-meinungen/","+8 words; -8 words; a changed: 998 Bewertungen -> https://www.trustindex.io/reviews/www.fairbeamtet.de/lang/en -> 988 Bewertungen -> https://www.trustindex.io/reviews/www.fairbeamtet.de/lang/en","",""
"2026-09-12","https://www.fairbeamtet.de/guenstige-pkv-fluch-billige-beitraege/","+8 words; -8 words; a changed: 998 Bewertungen -> https://www.trustindex.io/reviews/www.fairbeamtet.de/lang/en -> 988 Bewertungen -> https://www.trustindex.io/reviews/www.fairbeamtet.de/lang/en","",""
"2026-09-12","https://www.fairbeamtet.de/berufsunfaehigkeitsversicherung/","+8 words; -8 words; a changed: 998 Bewertungen -> https://www.trustindex.io/reviews/www.fairbeamtet.de/lang/en -> 988 Bewertungen -> https://www.trustindex.io/reviews/www.fairbeamtet.de/lang/en","",""
"2026-09-12","https://www.fairbeamtet.de/pkv-zahlt-lasik-op/","+8 words; -8 words; a changed: 998 Bewertungen -> https://www.trustindex.io/reviews/www.fairbeamtet.de/lang/en -> 988 Bewertungen -> https://www.trustindex.io/reviews/www.fairbeamtet.de/lang/en","",""
"2026-09-12","https://www.fairbeamtet.de/finanztest-2019-pkv/","+8 words; -8 words; a changed: 998 Bewertungen -> https://www.trustindex.io/reviews/www.fairbeamtet.de/lang/en -> 988 Bewertungen -> https://www.trustindex.io/reviews/www.fairbeamtet.de/lang/en","",""
"2026-09-12","https://www.fairbeamtet.de/pkv-beratung-kinder/","+8 words; -8 words; a changed: 998 Bewertungen -> https://www.trustindex.io/reviews/www.fairbeamtet.de/lang/en -> 988 Bewertungen -> https://www.trustindex.io/reviews/www.fairbeamtet.de/lang/en","",""
"2026-09-12","https://www.fairbeamtet.de/11-fatale-fehler-abschluss-pkv/","+8 words; -8 words; a changed: 998 Bewertungen -> https://www.trustindex.io/reviews/www.fairbeamtet.de/lang/en -> 988 Bewertungen -> https://www.trustindex.io/reviews/www.fairbeamtet.de/lang/en","",""
"2026-09-12","https://www.fairbeamtet.de/berufsunfaehigkeitsversicherung-mit-migraene/","+8 words; -8 words; a changed: 998 Bewertungen -> https://www.trustindex.io/reviews/www.fairbeamtet.de/lang/en -> 988 Bewertungen -> https://www.trustindex.io/reviews/www.fairbeamtet.de/lang/en","",""
"2026-09-12","https://www.fairbeamtet.de/jahresarbeitsentgeltgrenze/","+8 words; -8 words; a changed: 998 Bewertungen -> https://www.trustindex.io/reviews/www.fairbeamtet.de/lang/en -> 988 Bewertungen -> https://www.trustindex.io/reviews/www.fairbeamtet.de/lang/en","",""
"2026-09-12","https://www.fairbeamtet.de/pkv-tarife-vergreisen-stimmt-das/","+8 words; -8 words; a changed: 998 Bewertungen -> https://www.trustindex.io/reviews/www.fairbeamtet.de/lang/en -> 988 Bewertungen -> https://www.trustindex.io/reviews/www.fairbeamtet.de/lang/en","",""
"2026-09-12","https://www.fairbeamtet.de/pkv-test-barmenia-tarife-beamte/","+8 words; -8 words; a changed: 998 Bewertungen -> https://www.trustindex.io/reviews/www.fairbeamtet.de/lang/en -> 988 Bewertungen -> https://www.trustindex.io/reviews/www.fairbeamtet.de/lang/en","",""
"2026-09-12","https://www.fairbeamtet.de/berufsunfaehigkeitsversicherung-lehrer/","+8 words; -8 words; a changed: 998 Bewertungen -> https://www.trustindex.io/reviews/www.fairbeamtet.de/lang/en -> 988 Bewertungen -> https://www.trustindex.io/reviews/www.fairbeamtet.de/lang/en","",""
"2026-09-12","https://www.fairbeamtet.de/vorvertragliche-anzeigepflicht/","+8 words; -8 words; a changed: 998 Bewertungen -> https://www.trustindex.io/reviews/www.fairbeamtet.de/lang/en -> 988 Bewertungen -> https://www.trustindex.io/reviews/www.fairbeamtet.de/lang/en","",""
"2026-09-12","https://www.fairbeamtet.de/debeka-beitragserhoehung-2025/","+8 words; -8 words; a changed: 998 Bewertungen -> https://www.trustindex.io/reviews/www.fairbeamtet.de/lang/en -> 988 Bewertungen -> https://www.trustindex.io/reviews/www.fairbeamtet.de/lang/en","",""
"2026-09-12","https://www.fairbeamtet.de/pkv-wird-teurer-was-tun/","+8 words; -8 words; a changed: 998 Bewertungen -> https://www.trustindex.io/reviews/www.fairbeamtet.de/lang/en -> 988 Bewertungen -> https://www.trustindex.io/reviews/www.fairbeamtet.de/lang/en","",""
"2026-09-12","https://www.fairbeamtet.de/unterschiede-pkv-und-gkv/","+8 words; -8 words; a changed: 998 Bewertungen -> https://www.trustindex.io/reviews/www.fairbeamtet.de/lang/en -> 988 Bewertungen -> https://www.trustindex.io/reviews/www.fairbeamtet.de/lang/en","",""
"2026-09-12","https://www.fairbeamtet.de/berufsunfaehigkeitsversicherung-uebergewicht/","+8 words; -8 words; a changed: 998 Bewertungen -> https://www.trustindex.io/reviews/www.fairbeamtet.de/lang/en -> 988 Bewertungen -> https://www.trustindex.io/reviews/www.fairbeamtet.de/lang/en","",""
"2026-09-12","https://www.fairbeamtet.de/pkv-empfehlung-freunde-kollegen/","+8 words; -8 words; a changed: 998 Bewertungen -> https://www.trustindex.io/reviews/www.fairbeamtet.de/lang/en -> 988 Bewertungen -> https://www.trustindex.io/reviews/www.fairbeamtet.de/lang/en","",""
"2026-09-12","https://www.fairbeamtet.de/debeka-beitragserhoehung-2021/","+8 words; -8 words; a changed: 998 Bewertungen -> https://www.trustindex.io/reviews/www.fairbeamtet.de/lang/en -> 988 Bewertungen -> https://www.trustindex.io/reviews/www.fairbeamtet.de/lang/en","",""
"2026-09-12","https://www.fairbeamtet.de/berufsunfaehigkeitsversicherung-mit-tinnitus/","+8 words; -8 words; a changed: 998 Bewertungen -> https://www.trustindex.io/reviews/www.fairbeamtet.de/lang/en -> 988 Bewertungen -> https://www.trustindex.io/reviews/www.fairbeamtet.de/lang/en","",""
"2026-09-12","https://www.fairbeamtet.de/private-krankenversicherung-mit-uebergewicht/","+8 words; -8 words; a changed: 998 Bewertungen -> https://www.trustindex.io/reviews/www.fairbeamtet.de/lang/en -> 988 Bewertungen -> https://www.trustindex.io/reviews/www.fairbeamtet.de/lang/en","",""
"2026-09-12","https://www.fairbeamtet.de/concordia-pkv-beitragserhoehung-2020/","+8 words; -8 words; a changed: 998 Bewertungen -> https://www.trustindex.io/reviews/www.fairbeamtet.de/lang/en -> 988 Bewertungen -> https://www.trustindex.io/reviews/www.fairbeamtet.de/lang/en","",""
"2026-09-12","https://www.fairbeamtet.de/beitragsrueckerstattung-debeka/","+8 words; -8 words; a changed: 998 Bewertungen -> https://www.trustindex.io/reviews/www.fairbeamtet.de/lang/en -> 988 Bewertungen -> https://www.trustindex.io/reviews/www.fairbeamtet.de/lang/en","",""
"2026-09-12","https://www.fairbeamtet.de/bu-unfallversicherung/","+8 words; -8 words; a changed: 998 Bewertungen -> https://www.trustindex.io/reviews/www.fairbeamtet.de/lang/en -> 988 Bewertungen -> https://www.trustindex.io/reviews/www.fairbeamtet.de/lang/en","",""
"2026-09-12","https://www.fairbeamtet.de/","+8 words; -8 words; a changed: 997 Bewertungen -> https://www.trustindex.io/reviews/www.fairbeamtet.de/lang/en -> 988 Bewertungen -> https://www.trustindex.io/reviews/www.fairbeamtet.de/lang/en","",""
"2026-09-12","https://www.fairbeamtet.de/private-krankenversicherung/beamte/","+8 words; -8 words; a changed: 998 Bewertungen -> https://www.trustindex.io/reviews/www.fairbeamtet.de/lang/en -> 988 Bewertungen -> https://www.trustindex.io/reviews/www.fairbeamtet.de/lang/en","",""
"2026-09-12","https://www.fairbeamtet.de/amtsaerztliche-untersuchung/","+8 words; -8 words; a changed: 998 Bewertungen -> https://www.trustindex.io/reviews/www.fairbeamtet.de/lang/en -> 988 Bewertungen -> https://www.trustindex.io/reviews/www.fairbeamtet.de/lang/en","",""
"2026-09-12","https://www.fairbeamtet.de/kindergeld-fuer-beamte/","+8 words; -8 words; a changed: 998 Bewertungen -> https://www.trustindex.io/reviews/www.fairbeamtet.de/lang/en -> 988 Bewertungen -> https://www.trustindex.io/reviews/www.fairbeamtet.de/lang/en","",""
"2026-09-12","https://www.fairbeamtet.de/private-krankenversicherung/beamtenanwaerter/","+8 words; -8 words; a changed: 998 Bewertungen -> https://www.trustindex.io/reviews/www.fairbeamtet.de/lang/en -> 988 Bewertungen -> https://www.trustindex.io/reviews/www.fairbeamtet.de/lang/en","",""
"2026-09-08","https://www.fairbeamtet.de/service/online-beratung/","+2152 words; a added: Mehr erfahren -> https://www.trustindex.io/?a=sys&c=verified-badge&url=/the-trustindex-verified-badge/; a added: Mehr erfahren -> https://www.trustindex.io/?a=sys&c=verified-badge&url=/the-trustindex-verified-badge/; a added: Mehr erfahren -> https://www.trustindex.io/?a=sys&c=verified-badge&url=/the-trustindex-verified-badge/","",""
"2026-09-08","https://www.fairbeamtet.de/sven-hoehne-pkv-experte-fairbeamtet/","+1047 words; a added: Google bewertet 5.0 -> https://www.trustindex.io/reviews/www.fairbeamtet.de/lang/en","",""
"2026-09-08","https://www.fairbeamtet.de/verkaufstricks-versicherungsvermittler/","+813 words; a added: 998 Bewertungen -> https://www.trustindex.io/reviews/www.fairbeamtet.de/lang/en","",""
"2026-09-08","https://www.fairbeamtet.de/gefaehrliche-hobbys/","+813 words; a added: 998 Bewertungen -> https://www.trustindex.io/reviews/www.fairbeamtet.de/lang/en","",""
"2026-09-08","https://www.fairbeamtet.de/beste-pkv-deutschland/","+813 words; a added: 998 Bewertungen -> https://www.trustindex.io/reviews/www.fairbeamtet.de/lang/en","",""
"2026-09-08","https://www.fairbeamtet.de/pkv-wird-teurer-was-tun/","+813 words; a added: 998 Bewertungen -> https://www.trustindex.io/reviews/www.fairbeamtet.de/lang/en","",""
"2026-09-08","https://www.fairbeamtet.de/debeka-beitragserhoehung-2025/","+813 words; a added: 998 Bewertungen -> https://www.trustindex.io/reviews/www.fairbeamtet.de/lang/en","",""
"2026-09-08","https://www.fairbeamtet.de/private-krankenversicherung-mit-migraene/","+813 words; a added: 998 Bewertungen -> https://www.trustindex.io/reviews/www.fairbeamtet.de/lang/en","",""
"2026-09-08","https://www.fairbeamtet.de/private-krankenversicherung-mit-asthma/","+813 words; a added: 998 Bewertungen -> https://www.trustindex.io/reviews/www.fairbeamtet.de/lang/en","",""
"2026-09-08","https://www.fairbeamtet.de/bu-unfallversicherung/","+813 words; a added: 998 Bewertungen -> https://www.trustindex.io/reviews/www.fairbeamtet.de/lang/en","",""
"2026-09-08","https://www.fairbeamtet.de/dienst-oder-berufsunfaehigkeitsversicherung/","+813 words; a added: 998 Bewertungen -> https://www.trustindex.io/reviews/www.fairbeamtet.de/lang/en","",""
"2026-09-08","https://www.fairbeamtet.de/concordia-pkv-beitragserhoehung-2020/","+813 words; a added: 998 Bewertungen -> https://www.trustindex.io/reviews/www.fairbeamtet.de/lang/en","",""
"2026-09-08","https://www.fairbeamtet.de/berufsunfaehigkeitsversicherung-lehrer/","+813 words; a added: 998 Bewertungen -> https://www.trustindex.io/reviews/www.fairbeamtet.de/lang/en","",""
"2026-09-08","https://www.fairbeamtet.de/jahresarbeitsentgeltgrenze/","+813 words; a added: 998 Bewertungen -> https://www.trustindex.io/reviews/www.fairbeamtet.de/lang/en","",""
"2026-09-08","https://www.fairbeamtet.de/vorvertragliche-anzeigepflicht/","+813 words; a added: 998 Bewertungen -> https://www.trustindex.io/reviews/www.fairbeamtet.de/lang/en","",""
"2026-09-08","https://www.fairbeamtet.de/private-krankenversicherung-mit-hashimoto/","+813 words; a added: 998 Bewertungen -> https://www.trustindex.io/reviews/www.fairbeamtet.de/lang/en","",""
"2026-09-08","https://www.fairbeamtet.de/stiftung-warentest-pkv-test-beamte-2025/","+813 words; a added: 998 Bewertungen -> https://www.trustindex.io/reviews/www.fairbeamtet.de/lang/en","",""
"2026-09-08","https://www.fairbeamtet.de/beitragsrueckerstattung-debeka/","+813 words; a added: 998 Bewertungen -> https://www.trustindex.io/reviews/www.fairbeamtet.de/lang/en","",""
"2026-09-08","https://www.fairbeamtet.de/pkv-tarife-vergreisen-stimmt-das/","+813 words; a added: 998 Bewertungen -> https://www.trustindex.io/reviews/www.fairbeamtet.de/lang/en","",""
"2026-09-08","https://www.fairbeamtet.de/pkv-test-barmenia-tarife-beamte/","+813 words; a added: 998 Bewertungen -> https://www.trustindex.io/reviews/www.fairbeamtet.de/lang/en","",""
"2026-09-08","https://www.fairbeamtet.de/alte-oldenburger-pkv-test-beamte/","+813 words; a added: 998 Bewertungen -> https://www.trustindex.io/reviews/www.fairbeamtet.de/lang/en","",""
"2026-09-08","https://www.fairbeamtet.de/berufsunfaehigkeitsversicherung-uebergewicht/","+813 words; a added: 998 Bewertungen -> https://www.trustindex.io/reviews/www.fairbeamtet.de/lang/en","",""
"2026-09-08","https://www.fairbeamtet.de/beitragsentwicklung-pkv-gkv-beamte/","+813 words; a added: 998 Bewertungen -> https://www.trustindex.io/reviews/www.fairbeamtet.de/lang/en","",""
"2026-09-08","https://www.fairbeamtet.de/kind-pkv-versichern/","+813 words; a added: 998 Bewertungen -> https://www.trustindex.io/reviews/www.fairbeamtet.de/lang/en","",""
"2026-09-08","https://www.fairbeamtet.de/11-fatale-fehler-abschluss-pkv/","+813 words; a added: 998 Bewertungen -> https://www.trustindex.io/reviews/www.fairbeamtet.de/lang/en","",""
"2026-09-08","https://www.fairbeamtet.de/guenstige-pkv/","+813 words; a added: 998 Bewertungen -> https://www.trustindex.io/reviews/www.fairbeamtet.de/lang/en","",""
"2026-09-08","https://www.fairbeamtet.de/berufsunfaehigkeitsversicherung-mit-migraene/","+813 words; a added: 998 Bewertungen -> https://www.trustindex.io/reviews/www.fairbeamtet.de/lang/en","",""
"2026-09-08","https://www.fairbeamtet.de/chefarztbehandlung-wahlleistungen/","+813 words; a added: 998 Bewertungen -> https://www.trustindex.io/reviews/www.fairbeamtet.de/lang/en","",""
"2026-09-08","https://www.fairbeamtet.de/familienzuschlag-fuer-beamte/","+813 words; a added: 998 Bewertungen -> https://www.trustindex.io/reviews/www.fairbeamtet.de/lang/en","",""
"2026-09-08","https://www.fairbeamtet.de/billige-pkv-dreisste-lockangebote-internet/","+813 words; a added: 998 Bewertungen -> https://www.trustindex.io/reviews/www.fairbeamtet.de/lang/en","",""
"2026-09-08","https://www.fairbeamtet.de/pkv-beratung-kinder/","+813 words; a added: 998 Bewertungen -> https://www.trustindex.io/reviews/www.fairbeamtet.de/lang/en","",""
"2026-09-08","https://www.fairbeamtet.de/berufsunfaehigkeitsversicherung/","+813 words; a added: 998 Bewertungen -> https://www.trustindex.io/reviews/www.fairbeamtet.de/lang/en","",""
"2026-09-08","https://www.fairbeamtet.de/finanztest-2019-pkv/","+813 words; a added: 998 Bewertungen -> https://www.trustindex.io/reviews/www.fairbeamtet.de/lang/en","",""
"2026-09-08","https://www.fairbeamtet.de/service/","+813 words; a added: 998 Bewertungen -> https://www.trustindex.io/reviews/www.fairbeamtet.de/lang/en","",""
"2026-09-08","https://www.fairbeamtet.de/nachmeldepflicht/","+813 words; a added: 998 Bewertungen -> https://www.trustindex.io/reviews/www.fairbeamtet.de/lang/en","",""
"2026-09-08","https://www.fairbeamtet.de/pkv-zahlt-lasik-op/","+813 words; a added: 998 Bewertungen -> https://www.trustindex.io/reviews/www.fairbeamtet.de/lang/en","",""
"2026-09-08","https://www.fairbeamtet.de/guenstige-pkv-fluch-billige-beitraege/","+813 words; a added: 998 Bewertungen -> https://www.trustindex.io/reviews/www.fairbeamtet.de/lang/en","",""
"2026-09-08","https://www.fairbeamtet.de/billige-pkv/","+813 words; a added: 998 Bewertungen -> https://www.trustindex.io/reviews/www.fairbeamtet.de/lang/en","",""
"2026-09-08","https://www.fairbeamtet.de/privatpatient-in-der-pkv/","+813 words; a added: 998 Bewertungen -> https://www.trustindex.io/reviews/www.fairbeamtet.de/lang/en","",""
"2026-09-08","https://www.fairbeamtet.de/beihilfefristen-in-der-pkv/","+813 words; a added: 998 Bewertungen -> https://www.trustindex.io/reviews/www.fairbeamtet.de/lang/en","",""
"2026-09-08","https://www.fairbeamtet.de/berufsunfaehigkeitsversicherung-mit-asthma/","+813 words; a added: 998 Bewertungen -> https://www.trustindex.io/reviews/www.fairbeamtet.de/lang/en","",""
"2026-09-08","https://www.fairbeamtet.de/private-krankenversicherung-mit-uebergewicht/","+813 words; a added: 998 Bewertungen -> https://www.trustindex.io/reviews/www.fairbeamtet.de/lang/en","",""
"2026-09-08","https://www.fairbeamtet.de/pkv-beratung-3-berater-3-meinungen/","+813 words; a added: 998 Bewertungen -> https://www.trustindex.io/reviews/www.fairbeamtet.de/lang/en","",""
"2026-09-08","https://www.fairbeamtet.de/debeka-dbv-oder-huk/","+813 words; a added: 998 Bewertungen -> https://www.trustindex.io/reviews/www.fairbeamtet.de/lang/en","",""
"2026-09-08","https://www.fairbeamtet.de/wartezeiten-pkv/","+813 words; a added: 998 Bewertungen -> https://www.trustindex.io/reviews/www.fairbeamtet.de/lang/en","",""
"2026-09-08","https://www.fairbeamtet.de/private-krankenversicherung/","+813 words; a added: 998 Bewertungen -> https://www.trustindex.io/reviews/www.fairbeamtet.de/lang/en","",""
"2026-09-08","https://www.fairbeamtet.de/beamte-kinder-gkv-oder-pkv-versichern/","+813 words; a added: 998 Bewertungen -> https://www.trustindex.io/reviews/www.fairbeamtet.de/lang/en","",""
"2026-09-08","https://www.fairbeamtet.de/berufsunfaehigkeitsversicherung-mit-hashimoto/","+813 words; a added: 998 Bewertungen -> https://www.trustindex.io/reviews/www.fairbeamtet.de/lang/en","",""
"2026-09-08","https://www.fairbeamtet.de/private-krankenversicherung-lehrer/","+813 words; a added: 998 Bewertungen -> https://www.trustindex.io/reviews/www.fairbeamtet.de/lang/en","",""
"2026-09-08","https://www.fairbeamtet.de/private-krankenversicherung-mit-corona/","+813 words; a added: 998 Bewertungen -> https://www.trustindex.io/reviews/www.fairbeamtet.de/lang/en","",""
"2026-09-08","https://www.fairbeamtet.de/berufsunfaehigkeitsversicherung-cannabis/","+813 words; a added: 998 Bewertungen -> https://www.trustindex.io/reviews/www.fairbeamtet.de/lang/en","",""
"2026-09-08","https://www.fairbeamtet.de/5-tipps-pkv-vergleich/","+813 words; a added: 998 Bewertungen -> https://www.trustindex.io/reviews/www.fairbeamtet.de/lang/en","",""
"2026-09-08","https://www.fairbeamtet.de/gesundheitsfragen/","+813 words; a added: 998 Bewertungen -> https://www.trustindex.io/reviews/www.fairbeamtet.de/lang/en","",""
"2026-09-08","https://www.fairbeamtet.de/debeka-private-krankenversicherung-beamte-test/","+813 words; a added: 998 Bewertungen -> https://www.trustindex.io/reviews/www.fairbeamtet.de/lang/en","",""
"2026-09-08","https://www.fairbeamtet.de/unterschiede-pkv-und-gkv/","+813 words; a added: 998 Bewertungen -> https://www.trustindex.io/reviews/www.fairbeamtet.de/lang/en","",""
"2026-09-08","https://www.fairbeamtet.de/anwartschaft-fuer-lehramtsstudenten/","+813 words; a added: 998 Bewertungen -> https://www.trustindex.io/reviews/www.fairbeamtet.de/lang/en","",""
"2026-09-08","https://www.fairbeamtet.de/private-krankenversicherung-brustimplantate/","+813 words; a added: 998 Bewertungen -> https://www.trustindex.io/reviews/www.fairbeamtet.de/lang/en","",""
"2026-09-08","https://www.fairbeamtet.de/berufsunfaehigkeitsversicherung-mit-morbus-crohn/","+813 words; a added: 998 Bewertungen -> https://www.trustindex.io/reviews/www.fairbeamtet.de/lang/en","",""
"2026-09-08","https://www.fairbeamtet.de/du-abschlussmodelle/","+813 words; a added: 998 Bewertungen -> https://www.trustindex.io/reviews/www.fairbeamtet.de/lang/en","",""
"2026-09-08","https://www.fairbeamtet.de/bu-rechtsschutz/","+813 words; a added: 998 Bewertungen -> https://www.trustindex.io/reviews/www.fairbeamtet.de/lang/en","",""
"2026-09-08","https://www.fairbeamtet.de/private-krankenversicherung-mit-heuschnupfen/","+813 words; a added: 998 Bewertungen -> https://www.trustindex.io/reviews/www.fairbeamtet.de/lang/en","",""
"2026-09-08","https://www.fairbeamtet.de/pkv-beitragsanpassung-2025/","+813 words; a added: 998 Bewertungen -> https://www.trustindex.io/reviews/www.fairbeamtet.de/lang/en","",""
"2026-09-08","https://www.fairbeamtet.de/private-krankenversicherung/referendariat/","+813 words; a added: 998 Bewertungen -> https://www.trustindex.io/reviews/www.fairbeamtet.de/lang/en","",""
"2026-09-08","https://www.fairbeamtet.de/sonderklauseln-du-versicherung/","+813 words; a added: 998 Bewertungen -> https://www.trustindex.io/reviews/www.fairbeamtet.de/lang/en","",""
"2026-09-08","https://www.fairbeamtet.de/pauschale-beihilfe/","+813 words; a added: 998 Bewertungen -> https://www.trustindex.io/reviews/www.fairbeamtet.de/lang/en","",""
"2026-09-08","https://www.fairbeamtet.de/exmatrikulation-referendariat-pkv/","+813 words; a added: 998 Bewertungen -> https://www.trustindex.io/reviews/www.fairbeamtet.de/lang/en","",""
"2026-09-08","https://www.fairbeamtet.de/debeka-beitragserhoehung-2021/","+813 words; a added: 998 Bewertungen -> https://www.trustindex.io/reviews/www.fairbeamtet.de/lang/en","",""
"2026-09-08","https://www.fairbeamtet.de/private-krankenversicherung/pkv-gesellschaften/","+813 words; a added: 998 Bewertungen -> https://www.trustindex.io/reviews/www.fairbeamtet.de/lang/en","",""
"2026-09-08","https://www.fairbeamtet.de/berufsunfaehigkeitsversicherung-mit-tinnitus/","+813 words; a added: 998 Bewertungen -> https://www.trustindex.io/reviews/www.fairbeamtet.de/lang/en","",""
"2026-09-08","https://www.fairbeamtet.de/debeka-dienstunfaehigkeitsversicherung/","+813 words; a added: 998 Bewertungen -> https://www.trustindex.io/reviews/www.fairbeamtet.de/lang/en","",""
"2026-09-08","https://www.fairbeamtet.de/pkv-empfehlung-freunde-kollegen/","+813 words; a added: 998 Bewertungen -> https://www.trustindex.io/reviews/www.fairbeamtet.de/lang/en","",""
"2026-09-08","https://www.fairbeamtet.de/buv-duv-gesundheitsfragen/","+813 words; a added: 998 Bewertungen -> https://www.trustindex.io/reviews/www.fairbeamtet.de/lang/en","",""
"2026-09-08","https://www.fairbeamtet.de/barmenia-beitragserhoehung-2020/","+813 words; a added: 998 Bewertungen -> https://www.trustindex.io/reviews/www.fairbeamtet.de/lang/en","",""
"2026-09-08","https://www.fairbeamtet.de/private-krankenversicherung/private-zusatzversicherung/","+813 words; a added: 998 Bewertungen -> https://www.trustindex.io/reviews/www.fairbeamtet.de/lang/en","",""
"2026-09-08","https://www.fairbeamtet.de/berater-vor-ort/","+813 words; a added: 998 Bewertungen -> https://www.trustindex.io/reviews/www.fairbeamtet.de/lang/en","",""
"2026-09-08","https://www.fairbeamtet.de/dienstunfaehigkeitsversicherung-polizei/","+813 words; a added: 998 Bewertungen -> https://www.trustindex.io/reviews/www.fairbeamtet.de/lang/en","",""
"2026-09-08","https://www.fairbeamtet.de/anwartschaft-oder-optionstarif/","+813 words; a added: 998 Bewertungen -> https://www.trustindex.io/reviews/www.fairbeamtet.de/lang/en","",""
"2026-09-08","https://www.fairbeamtet.de/berufsunfaehigkeitsversicherung-psychotherapie/","+813 words; a added: 998 Bewertungen -> https://www.trustindex.io/reviews/www.fairbeamtet.de/lang/en","",""
"2026-09-08","https://www.fairbeamtet.de/debeka-oder-dbv-pkv-beamte-vergleich/","+813 words; a added: 998 Bewertungen -> https://www.trustindex.io/reviews/www.fairbeamtet.de/lang/en","",""
"2026-09-08","https://www.fairbeamtet.de/bu-du-denkfehler/","+813 words; a added: 998 Bewertungen -> https://www.trustindex.io/reviews/www.fairbeamtet.de/lang/en","",""
"2026-09-08","https://www.fairbeamtet.de/10-pluspunkte-debeka-pkv/","+813 words; a added: 998 Bewertungen -> https://www.trustindex.io/reviews/www.fairbeamtet.de/lang/en","",""
"2026-09-08","https://www.fairbeamtet.de/dienstunfaehigkeitsversicherung-beamte-sinnvoll/","+813 words; a added: 998 Bewertungen -> https://www.trustindex.io/reviews/www.fairbeamtet.de/lang/en","",""
"2026-09-08","https://www.fairbeamtet.de/amtsaerztliche-untersuchung/","+813 words; a added: 998 Bewertungen -> https://www.trustindex.io/reviews/www.fairbeamtet.de/lang/en","",""
"2026-09-08","https://www.fairbeamtet.de/private-krankenversicherung/beamtenanwaerter/","+813 words; a added: 998 Bewertungen -> https://www.trustindex.io/reviews/www.fairbeamtet.de/lang/en","",""
"2026-09-08","https://www.fairbeamtet.de/kindergeld-fuer-beamte/","+813 words; a added: 998 Bewertungen -> https://www.trustindex.io/reviews/www.fairbeamtet.de/lang/en","",""
"2026-09-08","https://www.fairbeamtet.de/private-krankenversicherung/beamte/","+813 words; a added: 998 Bewertungen -> https://www.trustindex.io/reviews/www.fairbeamtet.de/lang/en","",""
"2026-09-07","https://www.fairbeamtet.de/","+813 words; a added: 997 Bewertungen -> https://www.trustindex.io/reviews/www.fairbeamtet.de/lang/en","",""
"2026-09-03","https://www.fairbeamtet.de/familienzuschlag-fuer-beamte/","+123 words; -115 words","",""
"2026-09-03","https://www.fairbeamtet.de/private-krankenversicherung/","+4 words; -6 words","",""
"2026-09-03","https://www.fairbeamtet.de/zahnaerztliche-leistungen-beihilfe-sachsen-anhalt/","+3 words; -5 words; a added: Bundesbeihilfeverordnung -> https://www.fairbeamtet.de/wp-content/uploads/2026/01/Bundesbeihilfeverordnung.pdf; a removed: Beihilfeverordnung des Landes Sachsen-Anhalt. -> https://mf.sachsen-anhalt.de/fileadmin/Bibliothek/Politik_und_Verwaltung/MF/Dokumente/Steuer/Bezuegeverwaltung/BBHV_mit_8_AEnderung_nichtamtliche_Lesefassung.pdf","",""
"2026-09-03","https://www.fairbeamtet.de/private-krankenversicherung/beamte/","","200",""
"2026-09-03","https://www.fairbeamtet.de/beihilfe-sachsen-anhalt-uebersicht/","+9 words; -12 words; a added: Bundesbeihilfeverordnung -> https://www.fairbeamtet.de/wp-content/uploads/2026/01/Bundesbeihilfeverordnung.pdf; a removed: Beihilfeverordnung des Landes Sachsen-Anhalt -> https://mf.sachsen-anhalt.de/fileadmin/Bibliothek/Politik_und_Verwaltung/MF/Dokumente/Steuer/Bezuegeverwaltung/BBHV_mit_8_AEnderung_nichtamtliche_Lesefassung.pdf","",""
"2026-08-06","https://www.fairbeamtet.de/","+25 words; -22 words","",""
"2026-08-06","https://www.fairbeamtet.de/beihilfe-sachsen-anhalt-uebersicht/","+14 words; -6 words; a added: offiziellen Infoseite zur Beihilfe Sachsen-App -> https://mf.sachsen-anhalt.de/dienstrecht/bezuegeverwaltung/page/beihilfeapp; a added: hier -> https://mf.sachsen-anhalt.de/dienstrecht/bezuegeverwaltung/page/bezuegeverwaltung-kontakt; a removed: offiziellen Infoseite zur Beihilfe Sachsen-App -> https://mf.sachsen-anhalt.de/dienstrecht/bezuegeverwaltung/beihilfe-app","",""